/*
SQLyog Professional v12.09 (64 bit)
MySQL - 5.5.56 : Database - mrxw
*********************************************************************
*/

/*!40101 SET NAMES utf8 */;

/*!40101 SET SQL_MODE=''*/;

/*!40014 SET @OLD_UNIQUE_CHECKS=@@UNIQUE_CHECKS, UNIQUE_CHECKS=0 */;
/*!40101 SET @OLD_SQL_MODE=@@SQL_MODE, SQL_MODE='NO_AUTO_VALUE_ON_ZERO' */;
/*!40111 SET @OLD_SQL_NOTES=@@SQL_NOTES, SQL_NOTES=0 */;
/*Table structure for table `comment` */

DROP TABLE IF EXISTS `comment`;

CREATE TABLE `comment` (
  `id` int(11) NOT NULL AUTO_INCREMENT,
  `content` varchar(500) COLLATE utf8_unicode_ci DEFAULT NULL,
  `create_time` timestamp NULL DEFAULT CURRENT_TIMESTAMP,
  `t_user_id` int(11) DEFAULT NULL,
  `t_article_id` int(11) DEFAULT NULL,
  `pid` int(11) DEFAULT NULL,
  `reply_user_id` int(11) DEFAULT '0',
  PRIMARY KEY (`id`)
) ENGINE=InnoDB AUTO_INCREMENT=142 DEFAULT CHARSET=utf8 COLLATE=utf8_unicode_ci;

/*Data for the table `comment` */

insert  into `comment`(`id`,`content`,`create_time`,`t_user_id`,`t_article_id`,`pid`,`reply_user_id`) values (9,'撒旦','2018-10-26 17:46:56',1,14,0,0),(10,'的撒','2018-10-26 17:47:54',1,14,0,0),(11,'的撒','2018-10-26 17:47:55',1,14,0,0),(12,'的撒的撒','2018-10-26 17:48:08',1,14,0,0),(13,'萨达撒的撒','2018-10-26 17:48:57',1,14,0,0),(14,'萨芬萨芬萨芬萨撒啊','2018-10-26 17:49:13',1,14,0,0),(15,'十大的撒大撒旦撒 撒旦','2018-10-26 17:50:33',1,14,0,0),(16,'十大的撒大撒旦撒 撒旦','2018-10-26 17:50:51',1,14,0,0),(17,'十大','2018-10-26 17:58:54',1,14,0,0),(18,'的撒','2018-10-26 17:59:02',1,14,17,0),(19,'的撒的撒','2018-10-26 18:06:55',2,14,17,18),(66,'sdadsa','2018-10-27 14:11:54',19,21,0,0),(67,'dsadsad','2018-10-27 14:11:58',19,21,66,0),(68,'dsadsa','2018-10-27 14:12:01',19,21,66,67),(69,'jhh','2018-10-29 19:57:55',2,17,0,0),(70,'的撒','2018-10-30 09:18:08',1,14,0,0),(71,'十大','2018-10-30 09:18:31',1,14,17,0),(72,'十大','2018-10-30 09:22:54',1,21,0,0),(73,'的撒','2018-10-30 09:23:00',1,21,72,0),(74,'的是','2018-10-30 09:23:03',1,21,72,73),(75,'的撒','2018-10-30 09:24:32',1,19,0,0),(76,'撒','2018-10-30 09:24:36',1,19,75,0),(77,'十大','2018-10-30 09:34:54',1,18,0,0),(78,'的撒的','2018-10-30 09:34:56',1,18,0,0),(79,'的撒','2018-10-30 09:37:13',1,21,0,0),(80,'的撒','2018-10-30 10:01:39',1,21,79,73),(81,'啊啊啊啊','2018-10-30 10:01:47',1,21,79,73),(82,'是大大撒','2018-10-31 19:56:21',1,16,0,0),(83,'的撒的撒十大','2018-10-31 19:56:26',1,16,82,0),(84,'十大的撒 ','2018-10-31 19:56:32',1,16,82,83),(85,'的撒','2018-10-31 19:56:42',1,16,0,0),(86,'的撒','2018-10-31 19:57:16',1,16,85,0),(87,'的撒大','2018-10-31 20:45:24',1,14,70,18),(88,'                       啊阿达                             ','2018-10-31 21:11:33',1,21,79,73),(89,'                       啊阿达                             ','2018-10-31 21:11:35',1,21,79,73),(90,'十大','2018-11-01 09:12:39',1,21,0,0),(91,'阿德','2018-11-01 09:12:43',1,21,90,0),(92,'的撒的撒','2018-11-01 09:12:48',1,21,90,91),(93,'李明 ','2018-11-01 09:21:05',1,21,0,0),(94,'高帅','2018-11-01 09:21:10',1,21,93,0),(95,'杨磊','2018-11-01 09:21:19',1,21,93,94),(96,'泽奇','2018-11-01 09:21:35',1,21,93,94),(97,'失败是成功之母','2018-11-01 09:25:53',1,21,0,0),(98,'成功是失败的穆青','2018-11-01 09:26:33',17,21,97,0),(99,'我喜欢成功','2018-11-01 09:27:06',2,21,97,98),(100,'我也是','2018-11-01 09:27:57',16,21,97,98),(101,'我也是 ','2018-11-01 09:29:20',16,21,97,98),(102,'萨达撒','2018-11-02 21:22:21',1,21,97,98),(103,'李明','2018-11-02 21:22:40',1,21,97,98),(104,'啊','2018-11-02 21:23:45',1,21,97,0),(105,'啊','2018-11-02 21:24:03',1,21,97,98),(106,'大','2018-11-02 21:25:52',1,21,97,98),(107,'啊','2018-11-02 21:26:06',1,21,97,98),(108,'啊','2018-11-02 21:32:05',1,18,0,0),(109,'傻逼','2018-11-04 11:16:56',1,17,NULL,0),(110,'撒','2018-11-04 11:17:03',1,17,0,0),(111,'啊啊','2018-11-04 11:17:08',1,17,NULL,0),(112,'啊','2018-11-04 11:24:31',1,17,110,0),(113,'啊啊啊','2018-11-04 11:29:08',1,17,110,112),(114,'啊啊啊啊啊啊啊','2018-11-04 11:29:13',1,17,112,112),(115,'威威','2018-11-04 11:33:46',1,21,0,0),(116,'啊','2018-11-04 11:33:50',1,21,115,0),(117,'啊','2018-11-04 11:33:53',1,21,115,116),(132,'ok','2018-11-09 17:12:52',1,21,120,121),(133,'那就这样把','2018-11-09 17:17:18',1,21,120,121),(134,'是吗','2018-11-10 14:32:25',1,16,82,83),(135,'啊啊','2018-11-13 20:44:13',1,22,0,0),(136,'是吗','2018-11-16 09:42:30',1,22,0,0),(137,'我不同意','2018-11-16 09:42:40',1,22,136,0),(138,'不知道','2018-11-18 14:12:19',1,21,66,67),(139,'；；；；','2018-11-19 12:21:08',1,23,0,0),(140,'安全区','2018-11-19 12:21:20',1,23,0,0),(141,'哦哦哦哦哦哦哦哦哦','2018-11-19 12:21:39',1,23,0,0);

/*Table structure for table `mb_deal` */

DROP TABLE IF EXISTS `mb_deal`;

CREATE TABLE `mb_deal` (
  `mb_deal_id` int(11) NOT NULL AUTO_INCREMENT COMMENT 'ID',
  `mb_deal_money` int(11) DEFAULT NULL COMMENT '钱数',
  `mb_deal_record` varchar(500) COLLATE utf8_unicode_ci DEFAULT NULL COMMENT '交易记录',
  `mb_deal_sz` varchar(500) COLLATE utf8_unicode_ci DEFAULT NULL COMMENT '收支',
  `mb_deal_zsum` int(200) DEFAULT NULL COMMENT '最近支出',
  `mb_deal_ssum` int(200) DEFAULT NULL COMMENT '最近收益',
  `mb_deal_zt` varchar(200) COLLATE utf8_unicode_ci DEFAULT NULL COMMENT '状态（成功）',
  `t_user_id` int(11) DEFAULT NULL COMMENT '用户ID',
  `mb_state` varchar(20) COLLATE utf8_unicode_ci DEFAULT '正常' COMMENT '账户状态',
  `mb_date` timestamp NULL DEFAULT NULL COMMENT '消费时间',
  `mb_role` varchar(200) COLLATE utf8_unicode_ci DEFAULT NULL COMMENT '操作人名字',
  PRIMARY KEY (`mb_deal_id`)
) ENGINE=InnoDB AUTO_INCREMENT=4 DEFAULT CHARSET=utf8 COLLATE=utf8_unicode_ci;

/*Data for the table `mb_deal` */

insert  into `mb_deal`(`mb_deal_id`,`mb_deal_money`,`mb_deal_record`,`mb_deal_sz`,`mb_deal_zsum`,`mb_deal_ssum`,`mb_deal_zt`,`t_user_id`,`mb_state`,`mb_date`,`mb_role`) values (1,200,'下载了ssm框架，支出2mb','支出',2,0,'成功',1,NULL,NULL,'我'),(3,34,'下载了ssm框架，支出2m','支出',2,0,'成功',2,'正常','2018-11-22 18:08:38','帅明');

/*Table structure for table `note` */

DROP TABLE IF EXISTS `note`;

CREATE TABLE `note` (
  `id` int(11) NOT NULL AUTO_INCREMENT,
  `content` text COLLATE utf8_unicode_ci,
  PRIMARY KEY (`id`)
) ENGINE=InnoDB AUTO_INCREMENT=2 DEFAULT CHARSET=utf8 COLLATE=utf8_unicode_ci;

/*Data for the table `note` */

insert  into `note`(`id`,`content`) values (1,'河北');

/*Table structure for table `t_article` */

DROP TABLE IF EXISTS `t_article`;

CREATE TABLE `t_article` (
  `t_article_id` int(11) NOT NULL AUTO_INCREMENT COMMENT '流水id',
  `t_article_title_1` varchar(1000) COLLATE utf8_unicode_ci DEFAULT NULL COMMENT '标题1',
  `t_article_title_2` varchar(1000) COLLATE utf8_unicode_ci DEFAULT NULL COMMENT '标题2',
  `t_article_title_3` varchar(1000) COLLATE utf8_unicode_ci DEFAULT NULL COMMENT '标题3',
  `t_article_source` varchar(200) COLLATE utf8_unicode_ci DEFAULT NULL COMMENT '新闻来源',
  `t_article_author` varchar(200) COLLATE utf8_unicode_ci DEFAULT NULL COMMENT '作者',
  `t_article_create_date` datetime DEFAULT NULL COMMENT '发表时间',
  `t_article_img1` varchar(1000) COLLATE utf8_unicode_ci DEFAULT NULL COMMENT '图片1',
  `t_article_img2` varchar(1000) COLLATE utf8_unicode_ci DEFAULT NULL COMMENT '图片2',
  `t_article_img3` varchar(1000) COLLATE utf8_unicode_ci DEFAULT NULL COMMENT '图片3',
  `t_article_img4` varchar(1000) COLLATE utf8_unicode_ci DEFAULT NULL COMMENT '图片4',
  `t_article_img5` varchar(1000) COLLATE utf8_unicode_ci DEFAULT NULL COMMENT '图片5',
  `t_article_document` text COLLATE utf8_unicode_ci COMMENT '文档',
  `t_article_classification` varchar(100) COLLATE utf8_unicode_ci DEFAULT NULL COMMENT '属于哪个栏目',
  `t_user_account` varchar(100) COLLATE utf8_unicode_ci DEFAULT NULL COMMENT '用户',
  `t_classification_code` varchar(200) COLLATE utf8_unicode_ci DEFAULT NULL COMMENT '属于哪个模块/管理员',
  PRIMARY KEY (`t_article_id`)
) ENGINE=InnoDB AUTO_INCREMENT=28 DEFAULT CHARSET=utf8 COLLATE=utf8_unicode_ci;

/*Data for the table `t_article` */

insert  into `t_article`(`t_article_id`,`t_article_title_1`,`t_article_title_2`,`t_article_title_3`,`t_article_source`,`t_article_author`,`t_article_create_date`,`t_article_img1`,`t_article_img2`,`t_article_img3`,`t_article_img4`,`t_article_img5`,`t_article_document`,`t_article_classification`,`t_user_account`,`t_classification_code`) values (14,'测试1','测试1','测试1','百度','小明','2018-10-23 00:00:00','1540288271726_1.jpg','','','','','<p>呵呵<img src=\"data:image/jpeg;base64,/9j/4AAQSkZJRgABAQEAYABgAAD/2wBDAAkGBwgHBgkIBwgKCgkLDRYPDQwMDRsUFRAWIB0iIiAdHx8kKDQsJCYxJx8fLT0tMTU3Ojo6Iys/RD84QzQ5Ojf/2wBDAQoKCg0MDRoPDxo3JR8lNzc3Nzc3Nzc3Nzc3Nzc3Nzc3Nzc3Nzc3Nzc3Nzc3Nzc3Nzc3Nzc3Nzc3Nzc3Nzc3Nzf/wAARCAFyAlgDASIAAhEBAxEB/8QAHAAAAQUBAQEAAAAAAAAAAAAAAgABAwQFBgcI/8QARhAAAQMDAwIEAwYEBAMHBAMBAQACAwQRIQUSMQZBEyJRYQcycRQjQoGRsRVSYqEzQ3LBJCXRFiZTY4Lw8TRzsuE2RJLC/8QAGQEBAQEBAQEAAAAAAAAAAAAAAAECAwQF/8QAJxEBAQACAgIDAAMAAwADAAAAAAECEQMhEjEEE0EiMlEUM2EjcYH/2gAMAwEAAhEDEQA/AMQUjycuBKlbSyAC5GU7WmwzYqSzhybqQqNtI+1ri11FX1H8Oja57d2/AsrhBHCrVdI2pAEpJDeBfhKQOkTOri5wG3ZyFsOwbOys2hpxTF3h/KVeaScnKs9LUgJ4/ukBY+6QOMIueFUhiOyQxb0TmxwnDUX2Vrk3yE9jfckBbjlEATyquiAN0YFue6YblIWhwsomwHFx2RBvHultthIeiBwL9kQDvzTAm6MWt7p7BsBRtBTRnPspPWyqHAsiAykPl90i6yA2m11rQaLWzRskY0FpFwViOdhejaO7dptOf6VUc03Qq0DLQiGiVtvlC6uaUx7TYkFDGZC4ZVl6TbmBo1aPwBENJrBzGus8Ru7bfPol4jd+3d5vRTyHJnS6z/w038LrP/DXWeMzfs3eb0ReI0nBTzo5L+GVg/yil/Dqz/wiuvTp500486fVf+E5N9iqR/kuXYpWT7KunHGlqe8Tk32ecf5Ll2NvYJWHor5mnG+BNfMTv0TeDKP8p36Ls9o/lCbY30H6KfYacW5ko/y3fogLX3zG79F2/hsP4W/om8KP+Rv6J5mnEEO/lcPyQEkdnfou4NPD3iafyQGlpz/kt/RXzNOIvfsQmLgBkrtjQ0p/yWfogdp1GeYG/onlDTiHOACjLhbldw7SqJ3+SAoX6Lp4BPhJ5QcXcFA4XWv1DSQUcsQgbtDgsu1wr7ggLbKKQXOVbcLKvKLn3Uq6VnCwIUlE236pOBF1LSWAu5wCkRpQjCj1S4ozc4ujhmhH+a39VW1GQTU5ZG65Llu2JGW4brd+6G11Zlg2xjaQSodhA4WWkZwUsgIy0kcJtpBA24TShLiULijDSR6IXABpJ7IaU9UppaukfFC0Fx4BWTT0uu00TWMa0saLbV0UB3uBGArBwcFQcuyl16qeBNJHHEDgK4dKqJTeeueHejRhbXJ9UwB/JUYrtChcC2Wolcq2o6HTimvFvfJddE4eijkFm4RenOVWjU+zfTgxTMFw4d/ZVaKZ1Q03w5uHD3XQSgkEk/mud0lt6uuLePEt/crOSemoxhsPRWKVoEjR7oGNxbgKxTNBmb9UguluTflA5mLKdwuShLbj2XQ2r7PXlRyMNhlWC25QuAUqKMjSDzhJWJGA9klGme1rblGGgm6QAF8omjiywwdzcZwhDR9UTrnHZO1th7IpmNAspQbFCPKbBIjPspBJuuLDASuBi6YC6VgFpRY+qkbZAMC/ZHzZQFYW904+mEmk2t3Ti54QICxFuFKObjCC1sKQAkc4QCRc+6ew7JA2Pqj/AA3HKoBoJKLvZLhPwbKAwMI2E2TD5cIo7BUHa6Z2AnBTHN1URSHyn6L0bQHB2lU+fwrzp4wV23T08p0mARtuRcXV1tG+4gtO7j3QskYAXbxZVhG+X/FebeikFNH+EFTR0QLfGMu4e6dxaJPE7ngqXwmlpaRYH0SMDTtv+EKL0rOjPiB7ed10bgd428k3VgxDcHcFIwtLi482srtOjCUEYBKfxgMEWRNY1jQ0JFoPKzuBhK0p/Eae6bwmkcIDB6FXoTbgmLlWc2RvCbc/uE8YLRcluVXxSOQnEyviLO8JvECqvma0XcbIRM0gOBwr4C4ZAm8Rvqqni3B9EwlBGLJ4C4ZGhMZWKl4lzZCZc85CvgJjqNPci5whbWwvuWm98KqY2XJ7lN4bRYtNlv64umT1U7dU0/8ApWLdanUtzVQ5/CssAqXqIRuUBaPzUn5JnBZVC6zgcKtNCx/dw+itHHugJ9lKqvHTsa2wv9bojHbglSgWRY4UEJjP8xTGM7fmU9u/dNbF0FZzXjIddQPEpktvsCrrwC3iyhsP5eEAMjJFiT9UZibwc3UrAA26YY/VUCGMAAaLJYRWsfdMQSLKhhjKE844R3uOOEwCAHDCjkHlwp3DsopR5VBRlwwutwCsDQRdtW/+aY/ut6qt9nlNuGk/2WD00L6e955fK791KNlrf0UtMPv2oLWFlNSj79v0UgvHHPKB1lJbN0J4K6Iic3OChez0CkI3FC4G3OFBERgJIjknCS1pYy7C9kVrEJxYDHKcX5XFNERblIHH+yJ3IsmAOVA7bgpG+bFNyfQowLk+noimDrAIgMJgMi4wjsfyQFawHqiPGUzcEd0QHN1V0TOf91IBbIQjhECAoCBB5REtGE172wiBs7i6JOgjj0TjhHa4QkeyoQynF0gPREAgJhypAga24zhGwdkQYwRfKZxAJNk9rJng9wtCN5Fj9F3XSJD9HZ2s6y4Jw5XcdEuvpJHo9L6K6ANHonSCdRkgnTBJA6SSSinSSTqBJJkkUrJbQeU6SbAGMegTeGP5QpEk2KGpR3hAYy5JTwRtEAD2WIV0gHlMPfha8uhTliZ4Lg0EEquIRLTODQWuC1bewTAewCvmmmTSxPPitkaccIYIi507XbgCLi62LDm2fVNtHO0K/YMeCNxe4u3FtlJTxtkmG4ENstTaB+EBLY30AsreTY4/qtrWV8TRjyrIuB3wtfq8X1KL/QsUXUl6VJdCSChN0xwqE5Rn0R3uMID/AHUUhwnIv7Ju4CIgEIGIym7Ihwmx+agB1iLqO3KlfyPRRlA7cJJMHmKewufRNoG1ykU7Qb3SOVpQgJjk2RgEpnC2VNgXNso5RYKYi+So5MCyn6M3UDainP8AQf2WL0wP+Ux45eVs6oLUFR6BhysvpsAaPBbINypkNNo5v+qmpAfHF/RAM+ysUgHi+9kirJFzYJiLm3ZEcccpiMLbKMiyZwCOyY2KCFwSRkf2SV2rLtb6ouRgKYxtwiEbQPouKK7gebIb5/2VktAChc3d7KKEehRi54COJoAscqfaLYCorgE8pw23PCsiIJbG2sU2qECzb2RAE2spxG2yMMACm0V8jslt83upHNzgomgKqjbc97IwDbhShjQAiDBfBRELRbvlFlTFjb2CLYFRXFh2RGw90bmIQ3OEBX/+EQufZC0Au91ICL2KIdpsOPzTvNxZPfFkJ291YIngfkuy6FN9NlF+HrjHc44XW9BH/hahvo5X8HVJd0r8/wBlDGJPFN+FGU4TXBODxyFWgbLvLnE2vwnjY8TOLRYHm6C1ceoSBHtdVmQPD9znXCQheJLk3BCmlWbj1BskDfuqzInNL73yE8cUjb55HdNIsXGc8Jbm2BJwVAGSbHg8lMYnmFrRghNKsOe0C5OE98Ks6F5ha3uDypS121pHITSj3C/Nj6JFwBtexUL4XOeHg2KToiZt18WTUROC3i9ykCOxUDYnBxcDyjiYWuJJuglSTdspKB0k10lA6Y8JJIOP6tF9TZ/oWQGC2Vq9XE/xSO38ixw4rrPSj8K6F0dikHlNvKeg4jxygdFnlIyEJnPKiiESFzC0pB5vdM99zdAQbuzfKRi90AeeyLxCgB7Dceii4JAUjnuKEWJN1A7GYRBl0zbgJ7lANrcobc5sjyUxGFqIYjFwh727IxeyHgIpiopT5cBTHBUU4s225QZWtnbplQTjyHCzunm/8mpjx5Vd6jdt0mc+jbKtogtpFKAPwD9lMlaIBtaynoh94fVQDkK1RAbnHukRYI8xQHIKltZA4ZXRAhMUXHCZQB9Uk5AIykqrO3EYKXiWPKhyQRdItsLlcBKX3PuhObHhM3i6MNsEDtNipPFzhQAZspG/3UVMyS97o3PsMKJrbWCPblaQ4eUQegcna24uooiSXYGE97FBY3T8fiQStkwn3qIAgJ25NkRKH4KISEWTAe2E1sqiRr7iyYm5TA2KcC6Bx6pclPfCTRlWKIG4QuPqitZC/hVELibrrugXfd1Lfdcla/K6joI2kqW+qfiOx7phK0vLb5RD9VGIGiXxO6MnEwMxj7hISgu28nugELRIHF3mvhSbWeJcEAoE2UOcWgZCYTAyOZ2CdjWsJzklP4Tb3GCeUAxziR+2xClLvLdCImgj6WRWxZToRtmBYXBN41mB1r3RtiY1pAGCnEbbAW4ToNG/c29vyTSSFnARhgCctuLFFQPlc2VjfVOZXeKGhuCpDG0uBIyE+0eiCMSnc4W4QNqD4bjt8wU+3N7BIMaOyCLxnuh3Bvm9EM8r2bLd+VPsGcJ9o9EAb8jKh8Z5L7cjhWbZTWAN7IIqeUybtwsQpkwaBkBP2UHF9W3/AIsz/wC2sgZ+q3OqW7tVb/oWU2L2W56VUq5PAgdLyGjKyoaypq4buZ4cMmGu9Vu1tM2Slc1wwbXWBrWjVL6ql+wybKeNoLmLeOkvS+HPaxrS3gc+qZ0r78KRjHFovkgWKRiyr0m6hM5aeEJqb9ipvBygdF3U6XYTUWHonEu4jzWCjdHY5RtjuR5VNG0zRHusZhlSGKMG+9xuoWwWfwr7YnbAsWNxWMIaP8XlWIqJkjBeosVDI03VmBtmtymjYJaFsTC4Tbj6LOfMWrXqIiW3usyWCxNuVYXSIT2TeOQPUKB7HC5JULXm9jgLWmNrhnJN7YCzK2sqaSOWbw97e49FcY5xKOUB7Qxwu1+CEXbF1qcVXTzpmjaJGjlHpA26ZTD0YP2Q9Txtp9CkZGNrQRYfmFLpoA06mHfwx+yxksWmk89laoL+cqs0XFyrdA2wdZWIsC4THCI+6bsfVaAXvnskRdPa4xhNZUCR2SSPOOUkGWGG6LbewKsBljdwshc30XDSog1rSkRfhGRaxCJkd9yCENKPaPopmx4vZH4X6oImg2CICymZF6Iwy6CuRm1kTWmysCIY9UYiQVS0nshsb2srbo74UboyHWUCiaC03QlmVNDHmynMWBZUVw3gJtt1bEdxlDsAJKorFuU4YbKyI04YoK5abDCW2xVgs/so3NuVqAAExGVJtsmtlVFdwsul6G8tZM3+lYD25W/0WbahIPVqbHaBPyUyfhGVZ0bzUMfbASdA4ybr4urKIcKbFbw37g697G6spJIp0kydQJJJJAkkkkWEkkkgSSSSISSSYoHTFLlJAkkklRynUlv4o3/QqAsrvUp/5m3/AEqgFr8U1S4CF35KrUuAdcfyhS1jvuD9QqlSR4n/AKQrilNER6IrqOM9yiLlpD90DiAkTY8oS72QV3/Mpo7W+iheciykYSDdBajI5VnddoBVGN2b9lcv5Rdc63EMuCp4CD2wq8zvNhTwBX8Fh/y2WZMPMblaLjdpss6oFj7qYrVSQNII7qo+PzXVl2DkqCQuF/RbYAy7SpHvy0BCbG10LiA9qDP6vNtEf3Jc39wpaLFFAO+wKt1fc6QBew3t/cK1Ri1PEO+wLnk1E4BNwr1C0iJ31VWNt7EBadK0CNWQCfdCeVI8KI5/JdICsgcMpwbe6cm/ZNojIskjcL5SU2I3MwMKF7M2V1zRbAUL/wBFxFTb7KRlnGyK1sJMADlFSMbbBRltuAia26O1lQLBn5VIWgdk8eHKQtuiAYwHhSNb2KdjbZUgCKge0eiie3jGVZkGRdQvPmQA0G+MK0xpt6qGPJzyrTLEIIttsJFv6KWwuhcFAxbYYSay3KIJEqgXNtdQEXyrB4Vd3JQDYgpza10N0ibBUIi4Wx0iduqW9WrFLsLV6VdbWYx6iy0jvE6XdMUZEnCFOFA6VkklA6SjdK1vzOARB1x7Jo3BJIHPawXe4Ae6hfVwj/Nb+qslq26WDYJXvwVTdWQd5m3+qD7dTAX8UK+NPKL4TrOGpwbgA4u/JSHUYRmzv0TxpuLhSULKiN8fiA2HugNVexYLtPdTxrNykWUlDDUMlLgDYjlSbx6hNVZd+jpIS9o7pw5p4N0DpJXSKK4/qZ1tVAH8ioB11odS51Tj8CzgCQtfioa5x8D/ANQ/dV5z98Qf5VLXi0F/6goJnsNQGue3ft+W+UxLdGBFkJdbnhFawvZYfU3UMGhQgAeJVvF2R+n1W2Wy9wAu5waOxcbIHOvxm/fsvHdQ1rUtQlM1RUyAk32sJAatXROtanTYfArm+O0Hym+VNj0l1w7OAn3YwFU0jVKTV6P7RSuuPxN7hXdtggkhNy36q6SqcAu4fVaBjwsVvFUkJ3K1TkOA9FA9o3KzTMGwov6lIxZZdWbON+VqHCzKzLypPZVB5zccqJxJOVZ2goCM4C6MxBbPF0Jb94OwVjZcXso32BCDH6wP/LW+8jf3CvUo+4j/ANIVDrBwFBAP5pW/uFpQi0bfYBc60tMwr9Ifugs0OwtCkN4AkZSyjKgcCp3HsVC8LoIrvvxhOCb5wi4FkDsnlFF9EkN7cZSQS7jbJyoXuuE978qNxC4obvlEPVRt5upGm6ipmnCkJvlQtNlIDhAYdwpd1gq7XeZSbkEzHXUgIsq7XXOVJ2QO8qBx/VGT2QHHCBRnzZVphtwq8ZxjKmY65F02CJsU590JPKZxv3QFeyE+qa+E1ygk7KB4sVICgeRyqI7WOUJGL9kbrJiCPoqIitLpl1tbgHqs5xurugP26xTH+pVHo3cph7p+6QVZRmVoO3N0Qef5SmdYyNNwLdkQIOAUAvlc1pOwoZJXiFz7Wwime1rDvNge6Fr45GbAdwIskS9syOqjMQMj95Jvb0UkVTuqgyB+4kcFC/RW7yWPLWq1Q6fHTOL77n+q624+PThjhn5dhrGTu/y949AVTMMrgW/Zre91t3A9EEg3DD9pXOZ2PRcdsAafUl1/CA+pRfw2ocT5Wi62tpA+bcUBMjvlFvqt+dTxZ32Oos1n3bc8hWBQzG/nA/JW2x2eHuuSpg72WbnSYqf2UspXi93nKzftM7QGFli3st6/sgLATfYLpjya9s58fkoaa2Zwlklbt3cBX2NaGi4yo6wlsB2GzlXoJZJDaR1yFL/LtcZ4zS69oLCLC6aMAANPKgr3EwENdtceCq+lmQi0riXDunj1tdtJPyEyXZZacp1CAdT/APQqTW3+iv66L6kb/wAqqNFh7Kqoakz7j/1D91m1FBEdTZWXcJGsAtfC1tSxTZ/mH7qo8h0l/QBMQzG3kFxdeSdSOkruoKkNvJMX7WtHovYIRd7CVx2maBbrKvrXs+4p7uaT3KuV1Fxx3XAx6BWyuMZY5jgflPK0qzoqSDSHVZm3TsyY/ZdJU6pMzVnH7Pdr32HlUw1UTVRozGM4cCMryZcl8tR65wzTA+FkxGqVVPna5lyPQr0XaBjlcx0RpAotU1Ss22j3bGf+/wA11D7AL143p47NXSalbdwA9VffxayqUYzhXOVm+2sVWVueFYgFggeLKSDiyokdayy6rLytKXjCzJx5vQqT2VWtn2QloJPYKcBtioybcBaZRvyywKglabj1Vp2L2GFDPYuHYK7WOf6wF4qEAYMoWm0Yws/q3M2nMtzJey0Qb3PCxVG2+Vp0v+A1ZV8YWpT38Fl/RXFEhCA2Kc8IfdbA+voh4CId78+iEjGQqhXt7JJnApIAc4Huo3OQ3xhA4lx9l54DEmbBG12VE1pBUrGIqbdcYT3uFGOLIuRcIJG8p73QtCcIJQcIw/ChFzzhSAHlAQKB7k4N0LhfhATT+SkY7IUAJ/NGw/qgm3ZymJQXsPdI3NlQYHdMSi5FkBFkBjhM4BOB5RZJwV/QHKRAsjthC4YQQuAHZTaQ/bqlMf6lA/3T0BDNSpv/ALgWkepBJIcD6JjyjLH1LxftG6OTHoFoUJ3M3Hn3Rup43OJtn1UjWtaLDhat3NJJqq2pND4thv8AUKDTonRktIxytIgHkXQsLATtKnldaNd7GQLEIQwAWyn3tun3hZaNtHon2t9E2/2KW538qB7AcKLZJf58XROk2AudgD1QGZoHzCxQTpWQ+f2Ss71QElyh2n1S2n+ZRdhlY2QAPQxwtjyB+aIsv3T22iysv4yF7GPFni4SZGxnyhEcJgrsOnvhMkeyiuY1o31J30VZoup9YP8AzOQeygabBFinqw204v8AzBUn2uCrurG1OPTcFSftNrK4oNhtZPUPjgpKiRwtuGbeqGPJsMqSojDqbZIP8XDB6pyTcb48tZOGZqsTqkPq427GHy7R3U7Kmmfqe4Qt3PF2vHKparQvpdSfHGWg7uDwtzQNKY+d9S/LY7bvS68sx3XuucxxbMMDYaZrGN2k5cPdRbPNlWp37neyrXu8r1Trp8/e+1yibYkq27IwqdI67SrN7ZBWb7bnpFMdosQjifYWUNQ+6jBILVUXHOVCpd5ySpvGIdlVql2834Se13uIWuudtrIb854TcOJ5QF9yewWmEm8A2sgmAx6IS4FuEMpPk9+UIxOpgDqWnN9D/stAc3VDqA7tcoG+gOPyKv8AvZYUTb2WqzETPos1guFrNHkbjstQRk2TCxF0ZFzlABe/YLYbhMebIue6Y+vdEAR+pSROzb1SQUDwcWTDsnIuBYpAFcZFG0FTRi2EMYupWhAtmU4t9E5FgCEg2/KAgMJwLJNbhEG+pUDgXRcccpwOyINVA2I7ZTHJsjtdMW2RETh6JmmxUjgEJHoiiblG4IGnKkBuED2sLJiMiyK10QCBmiwT9kdkxCAcFA4YspAOyZzbIKr24sgpsV1OfSQKaQXF1CwWniP9YWoj1O/lbb0SQRG8bD6tRoydJMnQOEwaB2TpuyB7J0N06B7pinCZFDIxr27X5CHwoyB5BZGSBymJaByEBJXQeKy9t2fZEiHSTJIF3Td0u6YlUIlL6JhY+6cd8FAuyF5wLeqexvwmsQOEWOW1dwOpyKEOsEtXdfVZrdlCJB6oqvq7gaYf6gjp6KNkTZap23Fwwd1O2JkzvFmH3cY3WPcrKfWuqasPv5QSbey1EX3ytIZBTsDHSnk9gsLqrU2B9G/TpfF+wv2zAf8Av3WjpjzLVy1cmGtuGX9Fg6TSRSO1GQACUzkuHqMK2bi49Vj10smp196ZhkmmNmDsCe67eKhl0TQqala3xJ5ZQZiPzWDPE2m3OpSIGtu50g5C0+ltdqdV0+T7UywY+0Uh/GPVcscZHTPPyatZQslcTA6zh2WRMx8UuyQFpWyXkSY5UlXAyspS11vFaLgqzLtjTGbKW22qVsrjk8qpezrX4wjY7PKuk2sF5uEz5LWURfZyYnei7F4luQgkN8p3DCjyW3KsAbs45QuZcXcUzzlMXXIvwiFYAYKjqCbxeu5O8i/shmOIfdyDJ1o36kowezD+xWgwjOFl6i+/VMLB8vhXz+a04zcZF1hpYjHotbb5B9FmRZIt6rVINlqIhdwozk8KZ2EB/RaEfBTnHHKfCE4Psqh+49UkgLOFkkGeRnCdv905GUTRZcRIy9jfCmYMKNvZTNCBOFkm8oyLpBuFFMBnHCJoRAZuntcoCAz7ogE7QiIxhUDZM4XUlkiMIiuRZDe/CN5vhRDBUUQB5CMcCyAO9EQwfZUTNR2J4QNKlbkFAg2wSIRMxlO71QAAEL0SZwwgrSC6gcNr2n0cFccMFVZuQechWD0mmdemhPqwKcKlRys+xwEyNHk4LlI+tpYx56iMfmqysg34Sz6LOk1rT2f54/JV39S6ew2DnO+gVG124SPusB3VNNe0cTnKF3VLrHZSkn6qDpUrrkpOpqxx8kLWqF/UOou4c1v5IrtAcJLhH6tqTuZ/0UD6+ucM1T0HfS7SLPcAPqoA6mjJvM3Pq5efPkqX331Eh/NRbHn5nvP5oPRHVunxm5njB+qjk1vT2f8A9hp+i8/8JvfKJrB/KFR20nUunM/zCVE7qijHyNcVyAb6ogPMg6V/VjAbNpyVBL1ZL+CmC58tuSgcLKDad1TXH5Y2BRO6i1Fx+dg+iydifaVNi+7Wa95zPb6KN2oVjz5ql/5FVQMoy3KsB+I5zi57iXHklWKdhmlDe3qqzWXeATYeq1Lso47juLtVFbU6oRPkhYfKxlrLndK+8lka42a0XKmr5S+WQ93qrpYIkktm7uFYtbcjhT0rdo8zz5WrH0KNzNT1SAm7i+7v6eF0IjY6ojc6xETb/mubNYzStb1WomtaQAsb/M44C1tlJrUX2urj0Gm5k89RIPwM9PzF1vUsEFNEyGCMMijbtAHdZ2h0ppad9ROSa2q+8mJ/COQ38rqei1ahrJ3QUs4kmj+ZvoudWLXigTFxwG4VyidvBeRgmyxp5R5Gnlz1uU7fDiY381GnP17AyrewDF7hABhXNYZtrCfa6qtNm3sujBAX5RbbFHDt3DF1cDWn8GVFUnNLm2smMfl4WkyMF3ypzDbsobYj2lp82AgIseFpVcYNgVSe2zvZUVXkHshmAPhN4AKncADkKtUEeLEDjzK0YVc//vaO9orfutmEEALCkAn6nmLeGM5/Vb1OLtC5tLlOPO3ObrUItdZcHzsxm603HK1ERvCjIUjlGStoAkXGELjc2CI2uT2HdQ7mvF43hw9Qiwe/ad3cJKJzjY4z7pKiO1kTcpiQDa6TRnBXnRKxWGcKFpHFsqZowqDHF04CYG59kSgcWRNFymB/VE0hFS2GLJHCYHGEQyMoGvdIi4T2yncARYFBWcFHZSuwSFERlUIcowLlAMKRpUEjB+SNtwELcDPKNoIyVQ4ObIvZMP7pzhAwwUzuU6RyUEbhhV3sz7K44ICzv2QVXGU8yPt6bk3h7vmufqVZdH3QubZVETIxxYWUu0cWsnaEdvVAwbYI9uPdEwA2RkKiLYkY1IOUXKCEtwm2AjhTWSQVyyyEs9FZ2goSLHCgrbE7WqUtSaLcrQjLQnDboinAsEEZbdCW3KldhCBlZqgLMp9o4UlvVJoAyoiJrbOUgjwE9wDlM+Xa3yqrJtDUODWkcFZtNq0lWZKScHfF8jvVSVkxJ2tyT2So6YGztov3PdYxttdbNRWqDts555NlPSxeC9tvmeVBr+2JkO3F35ur0IJcx/I24+q7ONWpJvM7sxnzH1K52pomVeqw1NQSREdxYe57LaqA7a1kbb2N3KlUeIwPlkiw61rKb7X8ahJf4zNwDpWWBPuuf6W6YfpOqT1z5AX52tHe5W1U7hDTVLDjaLhaEdTEY2vay7iMkKVIyJX79ep6cDhtz7crpj2XNaWwS9R1NVNI1jI27dxK3pa/TYmtc+ujLQc2KztqK2uNHiROHcLLfcgDsFqalW6fU04+zVLHSRm9vZc7S6oycPPhGLa63m/EumNZrVp2EyNWq1jQbFzb/VcpqNVM6D/gnjxSP0VSgl1WCG07t774N1amndbbn1Psj8MnsuNdVarJEWRT+E8m+5TPlr5BHeoc0tGSPxLK6btexoc0LPIAz2VNzqp7ADJn1KiFNK/DpXXPotC3IWk3Lmj6lY+o1rI6qCGItc5zvMfRWpdNs3zSOJ9brMioWt1UueLta2+Uoo0//wDIazabANHC6CEWaD3KoTsiZUxmNgaXnzH1V+MDscLn0q3T5kbZXybnlZ0DrSgq8H3F1vEOTlC7lOSgcVpFSveWU4YOZHBlvZR1HTUrDv0qrdFIB8jz5SVLt8bVII+RENzvqtwPEnzDaSuGeWr06Y4yxx8lTqlEXR6pRO22/wAWMXBSXQatXVOl6fU1MgbJExtxuF0lZnV8FEDPKQIt7oHDzDKQN+FHPSw03I7KdrscKq3PP6qdlrc3REosivkIBhGEBEcFEChtceidvzBFSjKMcIAfRODfhAZTEoScpE2CAHf3UZOUZzlRkoFa5Rj25QWwibhBMywKIFACiNrhAYKbdc5SBStlaBA2SAyCmynFyoDOUwx9ErpvZIE8XGFDYd1KT2UTspAgc3Ulx2UQ9EQVgkYbFG45UYGEQT8Dg3+qIYQi90XPKB7piU9kxQMTlMSAnskQqgOSUO4o7WUb/ZAr3KF0lvmTE4UTz5vVQGH3d7Jw7KiYc+iMKCQOwlf0TXQvNgihkk8waFDO/wAtuELzklRudccqVvGK5F5Lq7S4xdVWN3OVmOzHW5K1jNJnkz+pKaaoph4TbkG6vaNDKYIIn/MG5urpYHgXyCjp4SxxJuDwFpgqtrYZ4IIjc/M8rHp6appvt0883iMd8jT+Fb0lFNUSslgka0tFiHd1DLp9aWmCWC4eL728LH61vrRoII6mgjaTZ3h/7KnT76WN5lks0Xwe6npPEpX+FKCMW4WNWCrqtQcJmGOmj491Ll49rjjbdRj6rRVOosEVPI9jC/c8g8p4NEZCY2ueXEnIJV2tr2Qs8OMFoGMd1d0bSppXNrK0lo5ZGFwxuWWW3osxwx7MyghjAaG8dwpxTMLb7MrRkZGxt3bW3OMqGoqKakeWTysY4C+0nK9ceW9q4pwAPKAiZC7m1wmGp0TyGxS73ngNCaXVIYHbTFMXegaVtmpRA88iw9EX2ZwFyQo4K2pqg51Jp87x7tIV6qpqyGEyGne1jY/EeXdscLFVVFMMebKIwtBBvlNBP48LJALB4ROugjmIsfULBrGzNmMkZuHizlszuAYfRZMzt7iAcKUY2kTTVUk/2jIhftYVvR4aAePRc7Q1dPQUtTU1Lw1nim3qeFTb1tC6TZHAQy/zuWNq7SL5hbur97Aeq4eHrOmhqWNrICIncSBdbR6jSVse+jmEotm3ZbxRbNigJu63ZBu9M/RR1UnhxSPI4atifRGCapqqhxxfY33W4YgWADFllaVRPi06Lcdu8bnet1bpxNTkNe/cx3r2Xiy7tdseo5X4sV7qPpplLfz1D+PbKSx/iTKzU+raHTd3kib5/TOf90l1wmozllq6dIW53JNH6IiRa6Zbc9pWDPsp2WVdllPHhBISLe6cGyAnKV7oqUElODn3UY4FuUQIBUE904N+FG12UbSFQ5Pm9knG6EuBKYHCBE3GUF0RFggF8+6BDGUY5Q/mnHHugkbg3RBM02CdozdAdr8p01iUshAYN/qleyEAjKI8ZQK9097phZK6ATYISMJ+6B5VDixSshHKJAYGE4dtwgufqnGUEoIRXUYsOEroJQbJ8WUY4KQBBwgK6TjjCGyTjbARkznAKCQlSEE4sVE5pJVVG42CjvdE4EXwoZ5W0sD5pXNsxt7bkEu5jG7nvDW+6qya3psbi19U268413qCs1CofaQxwDDWt7rEL75BJP1U8dpuPaoK6lqQDBO1xPZKofZtgV41R6hU0k7JIZS2xvZeh6dr8epxMaCBM0eYeqlxajVMmbEoyfJ6qm51/Nk+vso26rSxajFQVBcJJBdtu6kl26b1GoxhLQbWUzW5H7o2wVToXvptMne5mAxxA3KCGi6vqCfA0unpm9jIbn+xXWd9OWVXZ5o6SnfPM4iONt3Y5XnruvOoHVEootOc+HcfCLhmy753SnVta3ZV6jSRRnljWHP91Oz4ezED7ZrslvRhAH7KSaZuTgNP1TqzU6zdO1sLLeVnFyiqNV6p02sMkdc3yZdA83v7cL0an6E0KnljmmrJZZIzdrnuHKyfiDpWiU3TVZU0MLPtW9pMg55CeP6uN/EFHr9dXaZ4+oQRwOIvY8rn9T1eWVxbv2tt8xK5fVtSDYYHzyv8rAWxg8rnauvq9Sk87yG9mBcvHy7ejy8HqWi6ZLJOyqqm3Zy2/BXXCVge3xHta24GV5FN1vqENFT0dG3wxCza5x7rFqeotWqXB0tW4kG4stSa6jlcrld16j0Ixuq9a6pTV8zpI4vNEy+Oy9HPSujSymaphMkh/E9xXzl0x1ZV9Pay7Umt8SSRu1117R0j8R6DXJW0U33c5HzONguuunK5Xbq4dI0allBhoWBw4PKsvbTNfcUkRPqWhMAGSWNiBwR3VmNjXkPPA7LErXszHBgaI4o2+tm2VTVvFfQVjCAWmF20W9loTAhvlaqM5JimbyfCd+yK860yT/gIr83cMfUqV01gSqGmTE0XFrSvH08xQVFRktbwrldA6ue7LByz5buYbHb7pSyAC7jhU6irj8F4aXbiPKPVc8qscBr9e6rrXtbiGM2awcX9VmEkAAnJKeqcfHeDzuyoC4uNuyaFiUmZou8+XAWloes1GiuD4X3DnWe3tZYjnn1KQJ4J/RaR7DT6g+op46iGTyyAH6IKyWoqaaSES7S78Sm+HbG1XTTGzwW2uIDj3C1KvRS+5pZGge/Za9m2dpfWrqB8dDrzNrR5WVDOF21LPS1UPj08zJomt3lzTwAvLuoNFndtaXsIafNbN1zL6rVtBnli02WUQytIc0A2sVxy4pWpl00YZX6t1XX1l9zWuLWu+iSh6XL4qeQlrvEkdc3CS7Y4TRvb0YlLnKYEDjKIHtZZZSNNlM04ULTYKRv1UNjceEgbJHgFI5F1Ad0QI7qNt0XJQTNsRhMb7k7RYpFVTi10xxdIc5SPZAheyYIhkZwhJ7BAvoiHKEAlGLIDAuibyk0YujAN84PZA4Fj7JHhHawzYfUoXujaPNIwfUq6Qgk4YUL62kjdZ1TGPzVeTWtNjcd1SD7BNU3IvWsElh1HV2jwixmLnDsnk6lov4K7VYd0sYfscwDIVuNTyjY7lC7AusHT+rqStrIaR0Ekb5vkLgt+QOBIPZT0su0YNwfVEzKFoJOFJtPfCKcYKcBLsmFyVAVrIh37pgP1RNBu3HdX2KVTq1DTOkZLL54xdzByFWj6k0+WjmrKYSyNiNnNDMrKpWMb8UIoZWB8UzLOa4YPC9XpdO0+FrooqOJjCcgMC6eOvblln+PLXdYmTNLpNVJf1Yf+iNmua9U//T6HI3/UD/0XqL46GndsbTxg+zAnFRCPkiaPyW5q/jjc7OtvLmt60qXfd0EUQ91K3prrOrdeSpihb6AL0t1aR8rGhAayU9wFqb/I55cn+5OP0zojVPs9RFX6i53iDBA+U+2VxPxB0F3TT6aKOtnm8ZvnMjybr2M1UzjckW9V5F8Y55369SsmwwR3YPXlZ8L+unHyzLp53Ubdt+6qXzjlWJmX5Nyodlh7jlYyeiTR2i9i7Knpqo0s4kjcWub3CgDtgxkEKOQmw91lXqekzisooqlpuHCzwsvqUeF1Ro8jQL7xY/mpvh8AdGk8xcQ/hR9bjwtY0Z//AJrRj6rWPtM7fGvX5aypafLICBYp63W3NjDIT94W8+hTw05kYzbhzmC10R0FklnSPs7vZd79f68M+6TUZ8VZUzNcZKhzSOBflJzw6K0znbz6uWlD0/Aw7nyOd7K63TaUOuWFx9Spc+OXpcceaztzD2tcQxgJPa2VhdX0/wD3a1JsjdrmAOA/ML0mOnp25jjabdwuP67ia/StYbb/ACgf7pOSXqRqcWeNlyr5xnnkqpBJJyGgAdgFYgZ4UDn/AIiqoNm29rXVguvE0E8Lz17P/VeW5JIvZC29v9k7nOuQOOyFzni1z+ayDLd/07oqV0kEokje6MtIN2mxUYffk2KJ52sNje45VLH1N0NUvrOm9PlnPiPMY8x5OAulAaO39lwvwqmc7oagecuFwP7LrTUyn2QnS5J/hut6LODmtDh+JzCpTI5zfmVSq3ebZ+KMgH3UV5FSVbWx1DZSWt+0vBsL9yic9jyfDJcOxIsrHTNIZxWv8rzHUOu13rco9Yp/szYpCGh7/mDey6XxuH/rEl2z5DcXVJtPINU+3gh0TIjaPs0+qnmkIZhZ9ZXPpIjM0WFrEeq4Ok9vPJryzSOPzOeVFJE5js/otaWgk8Vzw2wc67VBXxFrLdxyr5NXHfbNdz7J4nBhuc3TEW+inoaf7TO2P1WmHZ9Ga9VshdpzJL2ywE2XWCTWC0t2XafQrzKHT6qhmErCQWnDguqp9d1TwWi+RhPI06aigqnPIqacAW5OUclC0G7o2kd7hcx/G9TP4kjquqvG02sm7v0v46RtCxp8kbWk+gSXOfxXVrfK2/ZJatv+MuyGTjhGOEDVIMji4XNRtGBZSAA2wgFrhowVIA0E3cAVQjgJC3BSu0mzTusOydkMj/8ADjJHqUDNwbdlI3BTCKRjrPdCwerngIJanT6c2n1SjafQSApILIOEjkcKKgr9Fq6hsEeqCSR2bRi4H91XOu6OyrfT7NQmLCblsBshuLthhItt3VHSdYpNZ+0voY3sihfss8WN1dPOEUQHqmtlIG6cNRCAsk3vhIY5yUYaiszU658NfS0QJaanDHjsf/ZWrpvT2vupa6CsDCZG/wDDzA5b/dYHVA8LUtFmGNtQB/cL2OnO6CN3q0fsulmsY57tryiLoDqScD7Tqm0+yvw/DKd3/wBVqkjvovTUxHoU87/ieF/a4Wl+GunxC00r5D7lXoOgNFiN3Q7j7rqy0nultGE86vhHNu6K0EHxDQRucO5Ctw6PpsMBhio4Wxk3LQMFa8jQGGyqOGFqW5frzc38b08z+INPFTdT6A+GJkbdxBAHsU/U/UNHoTHOm+8lJ8kY7qx8UY9lTpFR/wCFKST6YXk3VVe/UtTlmcdwDjtTLHbtw5bjYm+IGqzOP2eGOJv7BFTdd6nTyMMwbPEfmC42K5cSScot2S0GwHCz49Om3snT/UVHrrXeAwskblzCtppsvE+n9Wfo2qRVbHfdggSD1C9qp5Y6mGOoiN2SNDmlY1pvaYY+qV7uHohCe/f0ViOWqLRfEzTZOC8WXrj2na4g915Hrcduu9GkvbPK9gcLxO+i7ZX08+WPe2bUhxfc825QRxvf8ouFLJa42+ndWtNA2OHuulz8cXix4/PkVm00h/CLe6GSIsHmcDfsFrlgPKpVkDGN3gZXPHk3XXk+NMYoltrLy740Ukgr6GsJuws22/VepPIAuFxnxkp9/T1HKBcsk5XTK6Z+NN2x4nJe92qB13OJvZTyA3HqoHkZBK43p74C9xgWsmG3/wDSexA9kLgBY/mo09A+GgeaOrYfl3XU/X42VOkP7eML/qp+gKKWl0p0kzdpmddo9lF8RmtFNp0h5bMP3Wd67XXWnstFYwUzv/Kbb9Ff57rmdJrd8VAwuyYmDn2XS2H6LnhyzklrMx0lYbtv+SGIAXA4ygp33aSbXDu2UbcE/Xsq3AQWIdswAcrkuuZGRUOqb/xwWH6rrYg1oeA7dc/ouP6/cwUdcJLEGDC3h1255x83kAEtKljN4XA8jN1G8Z4yp9MEMtXHDUGzJDtJT/1pVcLZwhtuFrK5rND9g1KWnY4ljctPqqO7CzKt6OWgG3CbgO+iG+b+qK97j24VH0R8HnPk6GgAaTtkNl24ieTkWXlvRHW+iaJ0lR0tRVhsrQd7GjPZW5fi/o7IpvBimkcPl3Y3LWmNvSwywu5zQAow+AvDQ/df8NuV5ZF8U6jUWuZQaa1g/E+R2P2VSbqfXZXl7amOEdmxMuU8YeV/Is6Y+Sj6m1ZjYNsfi3DQfZVtckdJUNc/yA8N9FpdO6NJIJayWsfJUz+Z2/kLP6ogfS1EW+7gRl3ZLetNY5MZ8g3EXCydbdagkF7hT1MgM1xk+yzdSle+lkiDC93J2i+0e65SNdGoa5tLKIKlniQvAAPdpT61SwMc5o3F7hcNaOys0XS+r6pRR6lSQXpdwG4jP1XSMoo4G38JrpbWc9wyVw5bMbuPRxS59PKzQTbifBeG37haui0Dm6jE10Z22vuXbTUzXnMbbfRQRsEE7XRNFweD6K48/lO41fjyBn0yN7MOBG7hONOY0crtKbT9P1mnjgI+zTu+WRvqsrqHRptCqWQySeIx4u147rrjd9vPlhceq58ULBcg3HojbSMF/N+SmLju8uApaUQmYGodaPvZbjCq6maB8/CS6mibob2iwG7+opLW00jj+ewysF9fqlZXVVJpTfEqojYQju31W8wZXmnVs1Vp3VFQ+infC57BdzebLE0r0um03qSp6fkjqqanpatrrsle/lYkuna3TSbajXNPYfxXd/8Apcn0jp2o9U6r9gdqskZ27tzncrrR8KmhtRJV6obQ5c6/IXbDi/XDk58cOrUMzoW2+29VwxkCxEIB/wBlWEmgxu+86h1CbvZlgD/dczq1DplPU7NMe6ZjPmkf3PsoW0rXizxZp7hS5autLjPKbdgzU+kqZ95KfUqmw5dKbf8A5K/BqegVYvpmjRSzfhbJI4n9156WSU0o8N7nwu8rgVUjqH0lfvpnujkY67XBTHLtu49aj0wavrtPJek0GCED5TGwEn9Qq1T1PrjXmN5ip5DfcPCbcf2Xb9B9RHqTp9r3Na2ppjtlxz7rjeuWCPqeQAW3tuV3yk8dvJjy5fb4WB+G0rpDqgkdd5l3OPrkrsz2XCfDhwbq2pRA4cLj+67wNsV5K95MHcqTlMMhGBhEMGgZGUYCVrC6ICwyiOf6yb9xp0lssqGn+4XrlAd1FA71jb+y8o6xb/ymN/8ALMD/AHXqWju36XSO/wDKb+y6X+rM9rqQCdJYbKyRSSUASfIVVIwrb/lKqnuumLzc7yf4wamDUU+nxmxYN7yvJal+439F3nxUJf1ZM3+j/crgZTcmwFl1s6Xi9K28i6ka8Fti3Pqk0N3cKMg/KFydoMjG292nBXqvwy1CSr0aWlmO77O7yn2XlJOPcLvvhGHfaa83NtuQfyTJdvSL4uOE/ISAxZMR5VlXMdTuEXU+iTE4DwCvXXSDwyP6V438QHmCfS5722Sgkr0Y6xGxtP4l2iRg2k91x5eTLHWmddVedcuG9W9NOXBVXuY4NLbk2TMkfHfabL3f2xfNxymHJts391VriDFyqJmefxlCdxx5isY8ert25PkeU1IF49sLi/iU6oFDTNlN6aSYMt6Xsu28ORwwxy8/+J9Y9sdPSO4ZO02/MKc1vWmfjY3HPded9V6L/B61scZLo3tuHLnJG5yMjuvadW02n1Wj8KoZe7AWu7g2Xkuo6fJSzSMsSGOICnl/r3yWxmOLgLW5V3RqI12pwUzW7gXAu+iqhrnbgOQu1+HdEGVMlTKLvLbArFp413EEbYo442CzGAABc18SG30imf8Ayy8ldSAua+IwLtAjIaTaQY/RXWz0t6Jqj3z6IIWyZs2Rx4dxwvV3VsLfx3NuF5Bp2t6PTaZpjqisc+anAPgxsPl49ler/ifQQC8NBNfsZBa6vDx4yVxyzu+o9ZpGODCTazzcWUtg3JK8Jq/i1rE7NlLCyJnr3t+qyZesOptbrDDp1RK5xZ8rFfCb9t+d/wAfQrpqSm3F0zG3ybuXJ9c12mVeiVkbKuHxXMsDfP0Xk8eidaV4AmMjQTy9y3Z/h1U1UNKIazwZGt+/JPJV1Id15ZK0hxDhYDumgsaiHc7l447L1qH4T0Ln767UZZD/AE//AAtak+G/TtK5rhC+RzcguPdZumo4LqrQwX/aWOLgWDbZcK5huQ4WsV9HVWgsngfEwMDS3HsvG+p9B+xVj7NIdvtsAuSuO9OuvJyzdouTwETbnDWXJ4styi6X1KsILIDGwnlwW9Q9DzNP/EyOuPRS82MWcWVcRUQu2NttDu4KCJjTLH4zx4YcNw72Xp7/AIdUlbD5Z3RT9nHgrc0P4SaFDGx+qVb55Tkgcfst48krGWNxulXRdQ6fjgibS0TZWBo3G+V12n6hozmboaaNjuwLQVc0zojprT3b6WjBP1VufprTpJWywtMTmG4A4Vt/WfSoySDaajwyxp5IFlPBTU9XE7xYWyxu/mHC1DTs2BpYC30IwUGwDDQGj2S5JJ24/WugdPrg59DKaafsO11b6e6foOnqF1LVQxVM8mZ5HC+F0jyI2Fx7LErH/dvc52XHAWd6bk2uzOp6eJsEETY4R8rGDC5vVtMjm3SwANk7s9VpCcOiAeb7e6ieTIwObi34lzyxmc7dMMrj6cXVQlgLXtLSqQja143YXa1DadwJqTFb1LhdUY4tMe5z6drZnM/CDlScPWo7/wDI/wBH0/A922oeNsUfy/1FWus3MqdJa8/4sTr59Fms6o06nmbBNuiG6zWni6XUdUyeJ+0usG5HqF3xw8cXnzy8rtzF9wLiVJThjpo2nNzwomSUbL/bqgwt23jI/EfdPpbmzahEWODm83Cnbla2pNMgflt2H2SV3kpKdgdnGV538RoQ3XI38bo16M03XC/EyL/i6GW1rtI/ZWeyqnw1JZ1bStDtofgn0Xc/FHVpNIhFBBMWsny4jmy866OeYupaB18GSxK2/jTLOepGNlbtYIhsHtlevzv19PBycUz55txUlaNxDR5bWCM17hFZrju9Fnljw2+x223NkIebjK8vf6+hrU02qLUWyEx1DceoVSvYI5vK4FpyHBVWG7rk2HspHuLojftwg9D+C+pPpupTRjMNUyzgfXC2PiwHQdQ05Yz/ABG7RbvyuV+EckY6ypS92Nv916d8SKSF2o0Fe4bnNBDR27rvj608vJNckrz7oMOpuqZ4XNcC+O9ivRj3XA6dKWdeQvtbxI7X9V6AW2c4DK4Xp6tk1GAhaEYwoHCIcZQgWGUXJRGT1eB/AJiTYMIK9F6Wl8XQKJ/rEF531c3xema0ejb/ALrtehakS9K0L+bR2XSd4sW6rpUlD4/sm8Y+injT7MU6Sg8QlCXu9U8U+2J3nyqoeSiuT3Q2vhak04cmXl6eEfFfc3qiYnHkwfZcBJt+YXC9o+LPS7qinl1mB+WNtI0rxU5aPot73Hbjs9GuGnPKEuAahODZwv7pvmv2ssadJ7E124Dt7L0n4SRsbT10h/xHG35LzmmifPNHDCwve8gADuvXuhdHm0mgldUt2Pl+VncLOVdMZNbrp7oTyluQuOFj8Zcp8SB/y6mf6PW23TqmWj0yWpqnSHY0tDfw5VHrLTanVNKbHSN3SRu3bVHTat1i6khpodPpYGRt2te7n9lfHy055266epwUTXRRuc8/KMKR0dNELvc0e7ivI9Sn6sgoZKus1ZkTYx8rAM+3C4Oo6i1Oqv42oT5PF13k/wBrj9c/x9GT6zpFNfxKmFtvVwWXV9d6BR/PVMP+mxXz4+ukkZtlkkcBm5ccrveg+nKepoRq9S0SGTyNjfkD3V/in15f/TsKj4o6aHbaSnqJh6tYVy/VeuS9TxshodHnjkMjXOme0jFx7LrYtNpmAARws+jQrLaKIcv/AP8AIUtn5G8eOz3WVGLMjDrAhgBF+64TqERQ1Um9zTc8L1eLT4subF2wXLj9W6QqjUSTNgEoeb7j2Xlz/wDXs4rp5xuozIC2NxJPYLqen6l1NI1kVFIWO5cRay0Kfpx1MdzaTc6/pdbdDo1dJl0Xhs7krn9k/I9Ex67q1HRvlsWyMu7LRfKKfSoZ4jFWbXt/lctrRtLioXGV/nk/CSeFpyU0E1/EiBv6LtjlbO3lyxm+nF02iaLTPvHSw45O0FeTdcVf8R1SeWJrY6aA7A0C1l9ByaNRPFg1zT2IWO7onQxOamqp/Ge45HAK3uMf/j5yb5wBG5zz6NyV1XQeq/8AZrWHTVlJKGSs23c2xavR9Z+GtDUVsddoT20U4dcscLtP7oZfhqyrlE2rao6WQdmNAAVliNKk1ulr2b6aZz2/y7srRpz4o3C4+qr6J0fpWiztmpXSvltY7zgrfEbLW2gD2Uy1+KpNbj9rI2t7KWWnLQXxus0Kk6qtdsZue5XO5ajUm1olsZDnkN+q5yq0eifqs2oPAnmf8odwz6LRe/cbvduPoiZBLL/hRE+645ZW+nTGeKiYi1tmsbb0UL5Ax3nY63sthumVZ5ZZSDTJj8wYuc499unnpkU9TTuOWuJ91psljdYDJ9ApG6Mzdd8gHsFdp6SCm/w2gn1K3jx1i5Agp5yQ5riwD1WnTlzhtkyfVQb74UNfE+poKiCN7o5JGEMe3kFd51HL20n2iaXSvDWDJc44Cy6jXdEidtlrGAj0K81rerWvpRpc7p3upCWyXNi83XBaLXS1XUJppXnwqmXYNx+RXW03JHvdZq1BU0pfRzeMxmXBvK4zXerIaLa2WBzN2Wh2CV0+jdJU+m6eKZ1Vuu/c545/+FBqfTOivq/tFV/xMgFmlxwFrj4bll2znzY4Y7eev6wrK8vjo4tluLNuSmEPWepx/cRTNYTbgjC9N06Kip7NgoqdgHfYCVvRztMPZo/pAC7XgmF9OOHyJyTe3i1P0X1DWSBtXU+ABlxkcuq6d6Chp5Qf4o98nN2HH7rT1qVzqh3ndfjBUuhanHQwuimb/pcvRl8beHli8k+bJyeOTA+JfTWnUPSxradjjUxztvI7vlZepVLG0UTAQZJIW3/QLR+JGq1Nf0vUQ2DY2SNcuRgk8Vu65daNov6YC8mWN45qvo4Z48k3jVPWYWz0TrjI+U27rB0+urNKnZJG/wA4F7diur8MTRzRDl8Z239VxQNoDvy9ji0lYwv5Wr6d1pfWtNOAyvZ4T+72pLzSV43nJyktWRm7e7N5NsLkfiZGX0FHL3a+37LrGlc/8QI/E6eD+7JAVyn4t9OE0Z/g6pRyg22yi69C+MOlPqKrS9UIvA/ax5txn/8Aa83iFpI3j5g4Fe+6xpMmudJRQSFpc6AH8+y9mE3hp4+bP6+THJxWmx6LqNY3T3Rwtpomjzu/GuH+Ium0Gm6+WaZHsge29u35Kk9moaZWTwPbmB217SodYr5NQjhkmJLo/LY+i8t3vt9Tk5py4y6ZjRm1srQo6MVMcznybDGy4Hqq9EG+N5uFqwMjbUEX8rxYLNunPDHftY6DErOpabwQd27heufEusfFp9HL4ZbZ1jdcb8JNMNV1VJUbCY4Bz74Xd/F2ndN0yJGg3ZIM/mF6MP6vDz5//JI8u07UDUdW0MjsWdt/uF6oRZzjyvF9Od4OuUT5MESj917SM2I4IB/suWT1S/pxlGEDUYWV0dOBhL6pfRNinrzd+gV7D/4J/Yra+GLzL0dSnnbcD9Ssysi8eiqKccyxFoPvZYXT1V1do+mjTaSnhbGxx2yO9CSumOX8dOeWPk9bLSfw4S22+YtA9yvNJJusKlhbNqUMJP8AIOP7rnOrptZ0Sijnm1uWR8jrbGuI/wB0l2x9WMe1SVFNHl9TC36vCo1Wv6RSH76ujB9AV82z6zVzkF9VM89gXlNJqj5HB84c97R68rfjWvDB77UdfdPwktbUPlIxdjCf9lQn+JNGDtpNNqpjx8pH+y47oUU8dDHLVQwuZVuJje5oO0jsf1XaARjDDE0jsAs3UWYyeow9f6p1fXKKXToNEfHFNgvc4YH6ryHV6KWhrJKWZmxzfVe8ukYCPvD7hec/EvTmSV8dRFyWDcVZV8e3nh5t3QtG029VNJHa+7BCAMJaSEXXbpvhzRfbep4iGlwhaX2C9jdDM67tjreq8/8AhBEyl1KSdzSXSM2ggXsvXQ249li9t2We2O3T5XNDt4IPCMaeOHyK94Tqd+5l3QnkdwptgcLixHYhTUYZraGID5iUjTwt5bf6rSbEPRRvp2vw7ha6HCfEZxOkMggjJY5x3lq8kLXRktLMjuvo6qoaSSPZJGHN7grhNb6Bpa+sMtLUeAw/M2yvlDt57HomoyUYrNsTacjBc8XP9133Q1bFp+iMjqJ27S4+UuFwfZFS/D/TmNDKmtqpIxwwOIC6DSOkOn6eaN74HvLDdoe7F085GfFv0dG2eNsrsRuFwe5V6Knjj+Rl/cpn1IjLWNaALWY3sAo2VniNdbDm8hc7nt0kWci2QPYKOaIyfiKrCsDheyX2seqy0dlM5rvJi3uFZAv8zwCqhka9pO630UWT5WZ9ymoLu5jCbHcVIyYFUCdnlBypIcva090F7xfQoZHWYb5C5Cp6xjhrKym8G32Z20Hu5U6Pr2GprhRPppniTG5rT5VfG62z5fju9pc1thZpTEMAs97R9XBec6rretisfT0lNWviHyuax1lRZB1jWlxjoXWeLAyPOP7Lpjx3L9Yy5Jj7emzVVBGD4tXE0ezln1PUejU3z1W63ouHi+HvU9XtdNWRRXy4crVg+Er3gGr1J5P9OP8Ada8MZ7qfZ/iXU+utN2mKmDnM+qxKrrZ0cJdFTgNHc5XTM+FujU0YL3TSvHN38rTo+m9EpKfYNPjkzkSNun1YXtyy+X4XVmnnGn9d132+FwoH1ETnWcxsZWtr+pdUVuqiPQqaoZSPaDnG0r1HT9NoYGg09JDG3ttYAr7gxjCbBuFzuGMvUdsc7lN7ea/DfX9Q1IajQ6k4vko3WLyuzc7HC8w6D1FlD1B1JdhfvmNl1z9fmc7bHGGj3XPLWNdcZtv7v6bIHzRRi8krWj6rlqrVKpwJfKG+wWWat01973O+pWPNuYutqNbp4iRCDI7+yzqnWKlzDJv2AHgdljtlaPb6JnyBzHx872nhMctr46cB8QKw0OtmSDInZuc73XN6JK461RyOPmM4K6fqLTqrV6cPhgMssDiHNHNlyOn3i1enFtuydoIPbK78d/k4cs/jX0rKLloEnlLAVU8JzrgAkq9FEHsicBcmIfspGh8UbmgWv3K92OenysuPKzv0yniSJ1tu0jspKesnhcQPM3uFaljMriX5Pqi/hc3h+I0iy63kxs7ccOLPHL+LIqwKiYljTY9vdQz0c8IHiRlgXQ0VJy8R2LObrRqaaKoiHjm4tj2Wb8nxvjPTpj8G57zvt5/11PTv6MrIWwXeGgl3vZefaIXO01sj+XWB+i9Q62pPD6W1NkLfL4RJP5FeaaOwDSafaL+U3H5rxc9mV3H0fjy44+NTFxb5vYi64CveGVtQGnylxK76QWsD+hXAas1seoTNPquGN1XoVS4FJXNP0us1B22mgc4d3bcBJdLYmntjbcDusrrCPxemqsAXLc2Wix9ja2VW1hpm0isi9Yz+y57K8mjd9211/TC+lOn5C7pKjl3xi0F/M7uvmiMODbYIuRa6vtra90PgO1CYRNFvDDsBd8c9Rw5eCcnsXU1dNU9Q6g55bufIQ7bxyVjvdc7TwVFLcyusSSDkpxk9/Zc8ru7dcJ4zxHTB3i+y39Np/GmYORzlZNJucbNbdy3KF8ohlLIiJQ2zbBYstdsbqOh6Z16v6bNXDpsbJJJXbjI5D1D1Z1HrtL9lqgxtPe7gAAtfROiZa+lZUT6k2Pe27mjG1btN8OqANHj1r5fo4WW8crPbllMb3p5VMHslpZZCze2RuBycr2KCQugid6sH7Kak6I0Onc132cPc3IJW0zTKZlrR+2OyluzdYYNs8o2hx4Y5dCylgaPLEFKGNHDQsq55tPM7iJxUraCpd+Cy3tp+ifaSgxG6ZMfmeAoqxkVFGXVEpP0K6AsFvVZWodPx6hUeJNUODOzVRzU+twsv4cZNu5K4X4hai7UfAaGbRH2HdevR9Lac0HcC76qPVOjdNrtNmpoqdjZXN8jyOCtTTNfOzY3ucxkbC57sNYOXFd1oPwr1zVadtRVyNoo3i7Wu5/Zej9HdAaf06BPOG1Ncf8xwuG/RdkBfk3stXP8AwmLxKs6X1Dp8RaRW1QbTzv8AuKgcBy1aH4c6q2cTVOsSHHlsV6fqWmUepQsjroRK2Nwe0HsQpDHYAAYAsEuaSOW0/RJYQ2nrJdz2jyv/AJlmdW9MQ18TXtnc10Yta3K7pzGk3OSPlWLrUohic0tc5x9AudytdMenlf8A2Gjlcd9XYHsAr+n9B6TDIDUyySH+XhbE1fTxu8zZg70DT/0UUWoVFVJtpaKS/wDPIEky0W9uj0mjpdOi2UkLI2evdbFPK1wIBBb6rnKSkqZADWPcf6RwFsMcxjQ0EADsE1Yu9+2kHNv6oTG6O7o8sPIVPxWCxdIAn/idPB887Q3/AFLUmTPS0920dwCoXSel7Kl/HaCeqETauMOJw2/KydW6v03TJ3wTvHiN7BNW9HTde+4IVZzbnI/Ncg74l6f4zG/Z3lhcGl1l1z66jETZfHaGvaHWCzZr2Tsg1NIbGMONrlVpNZoI7+cut2CVRUNmdTyMFmvbcAqNaW4Kr7S2SK1pIvlPqo4KndNe9i4WcPdZEdS6Cd8jTYh2fonMuzUWlp8r/ME0NV8zS7w2dkQO5lisqWbwqx4v3urUdR+qg0GDaE5eWqtHKc3Rk2blUTxne+6l8TZKz0vZR0xJa55FgEL3Xt9VIPKdZu34gNaXHa6qAc3s4bl7nS0WnwNY5lJCDYG+wXXg3UB/79scORVM/wDyXv0YBgix+EfsvTr+MeTkysy6SOlpwPKxv5AKB0lzZosOcKTwnOuWtwUQpXnk2VnjHm5Jy51FHLnn8lcika5vofqqv2KXcfvPKibp/wDNI4qZeNa4py430OrkAb8wus5xB7/otNtFEDctufdTCBjeGhMeSY+l5PjZcl3WfRyTX2tbj1KCeOofMWknaeVrBoHCq1ExbJsY25Ume7tq8PjjJa8L6cb4fUeuMYSLSnC6UPLTlywem6Y1HV2t+K7YRIb29F2hpKCngEzzuA5J7rjyzeT28N1ixKp++MkC4HdY9TqMVG9gmcG7uEHU3VsNO58FEwNAGCF5tqWozVc7nzP3O7LH1utyev0UtHUH/wCpa4hu4gHspKbVqCNj5Wt8ou1t/ZeL0uqVFK4iGVzbi11PHrdSGGNzyWrWOOmLlXrHTtTBFJPMHgl7ic8WXmWu+DH1c4wZjM7TYfUIYtcqNhjjftZ3VWTa+uhqA695G3B+qT+21ysuGn0/SC9HSPbj7ltj+SsTO8ZgBbYjuq2nmMaVRyOeNpgZ+yjm1OKMEtYXELWfyOPjvdebHjtnpMY7BOTI1mwEliyajW6wi0UTWrPn1XWbeV7Q36Ln/wA/iv6s4denV2n2WDLC3ITNZUOYLggBcd/G9cDf8fHpZQTa1r1tvj4+in/Jwy9Onjp0XVEbf+zmqCZwv9ndj8ivnNmuV0ELIonhjWEhptzleha5VapV0dYJ6h7gWEEfkvLaiqe6njpi0AMccjldMeTHP01rUa9B1LU07z4zGzh3qlVa2ydxf9giDjwSsDxPbKW9zu/C14zabromdTagyIRweFC3+loz/ZJc8HXJ25SW/HFPKve4tNq3HLQLqc6I+Vjo5n4eLODVd0qr/iGoGmILWtG5zl0sLKaAjZ5j2JXLxHn1N8ONEheXvZI8k3sVDr1H0/05SGZujuqpi07WhuB7nC9Fq5Ru3MaPcBctrtQx0EsbqZ2WkbiFdFfPVZN9orJZgwRh7idg4HsgHOOAr2sU3gVUoLSD4h/dUQPIT3V0Rc017YKyB73eRzvP7BeyaI3posa+TUKVgIHLhdeQ6dFDLPRxvYXl0oDwPRe90PS3TDmRmHT3B20G5vz+qxlhK6456mmzpcegy00kVG0zNk+ZwV46NS7Gtp5JIm+iVDT/AGJjY6ZrPDHA2gLREhAu7aPZXUnTnWY3Spo5R4VTePvuVl8BhIa4391aM0X8zR+ahmqI7hpcC48WQRbU4aFLtS2KCPantZSbbJbUEdvRNsKm2pbUD7IWkAC5Iuihk3uc3bYdkcIBbYjLeCpA0Dhtk0AIA4TtHe+ERbbKo6lqcNDtj+ed5syJvKvoXTtaLvIA9SbKtPW0cAvJVQt/9QXG9b0mojQ6yvqa97XMF2Qx4Dfa64Wh0Wt12jFTp0s07y2zgHkhhXTHHyZuUlewVWq0cUBqPFD4/wCZmVh1vWOjwsNvvfyWP010j1FT0s1NXSM8GUYBNyP7KOL4Ty7y6TUXWJJsrjhjvupllfxUretaV7701E0/VZsvXVVlsUMTF2NN8L9MiDTPUSvI5HC2qXojQIAP+DDj6uJXW3jjn5ZPJn9VavUPAZI63oxqnj1HqSoxBRVDv6gwr2uDRtNgaGxUUIA/oCtsghjHkjY36Cyx9mM/GtZX9eIfwrrSsIJYWA/zXCuU/wAONerIw6t1ExlxyA+/+69fqGNI4VV5IaM8LfnudR5s+S4ZarhtP+FFNT1ENRNqEr5YzfF/+q3JPh1oNRUmoq4XSynuXLqKaUEWJyilnawc5XG3LbvjyYePlXjnxf0DTtGoNOGm07Yt0h3EdxcLGf1LpFNBGwiSR7WgO9OF03x0l36dpzrWAkOf0Xl03T+pAQTSx2ppyLSD8P1Vymsd5OnHfLvFry9R/b9b04UMJaQ4MDD+K/r+q9O1X7iop4yA3Y0BwHr3XC9H9GzU3V1PPM8TUkLd4lHF7Fdh1BKXVRfe13XXG2fjrqz2pyyjxJgDkqvS1ZlliB5jNlDO+0hcO6pQVO6tdHaxbnCDerJr1G53CenqwQRcAdlk1Mk0jfEZGfCvbeVHTVcXiWkkYwD5iSnjtHYU8jSzechTU7jUygMy1c5SavTVU/2OCpjZEPnlccLRqerNC0SDwaaYTyceX1V8aOgqHiNjYWDjlHEImsD6hwa2/JXBT9e07Hb4YXSvPY8LJreua6oefEgjbEeGblvHiyp5Se1Dql8Y66MkLg6L7RHYj6r6DpADTwH/AMtv7L5lfVCr1SOc2zO02HbK+mtOO7T6Y/8AlN/ZdMpqOGU8slpuQEVk0fCdca6yaJM7ANk6c8IoGEloJSIJeD29EXAQucdzQBceqgLCie27gbZ9VMgPK1Lr0zljLO3z3Pq50LqvWXbN5lfYKtrPVVdUUwgY0Rt7lB1RGx3Veol2bSXwuc1Ko3E5tbst5aq49RRrZzJck3PcrNc/Pqpp3tcTtuFX4afVYUxN73QnjJSJuhOSoDY8g45VmGXhpHcFU92VIx3clRXuPRnVzdRoYKCosx0DA0EnldUZWkA3wV886PqD6KpbNGTcHj1XqFNrUstOx+S4t/RfH+T8XO57jcz107J0kTT2CglqoG4LgfoVzIrZahp81lDBK183hSyFl/xnsvPPi5L5OpZWQ32tZc+qgqaqNgJlIA9AsPUdSiiYIKOTdt+aT1WSJampfsiDpHu4C9GHx6z5T9Xta1KIUlR9nYMsIN15HWxPY1kjxh97H81603pyqqYJH1H3YbGSW/kqnRnRlBr2jOm1GZ1oagtaxvpcr6Px+K8c7Yucvp5M0EkWzfsr9JpGo1rv+FoppPcMK9/07pHQNOIMOnse4fikyteKOOJpbDDFGP6WAL0eQ8M0z4d9QVpBMAgb6vwkvdS5xI5SU801VDqMSaPRCeGNrXPdt3BUtJ1Z0gHjzNb9VZ631XTKnQms/iELpmOvta4FeeRarRRG7nudm9gukib1XqTNSpRzUgn2CztUlgqWO2zOuRxZch/2v0mnsWUznOtbhQ1XXLHC0NAGj1ITxLYoavobK3UqcDGTuxyuX6k0aLTKprInbvEPC6CTqiWWZssTYo3D1WTqddHXVLZ6p7S4HG0rfhWfKH6X0fUYtahnpId8lPZ7mn0Xu2m6jVVdOySWopYseZpNiP7rxOj12Wnc91HNOJZBtdsachXad2o1QuyhrJL+rSLq/VVx5I9q+0sc8MOoRuJ4Yx1yq0+saRSvMdTWfeD5m2NwvO+n9K6lZqkc7dMeyMi251/+i09T6H6i1DVHVcIhja9uS4ZXO46vbW3S1nUmjloMcMsrf5hhFG+J0sH2Uus918nhed9W9Ka/oOiurKnUB4bTbw48f7roehdSbNpdGKhxdLf5ylw1NmN309OtgDhOGlc1U9WyR1D4INOe9zMbzwf7Kq/qbWJP8OniiHuuW2tOw2OPYpFoblzmt+rguCqNY1d13TVjWD+lZ0mpMeT4tbPIfZxWdrqPSZKmmivvqYx+aqS61psIu+pDvovC+pNb1KIOdSyFrWOyCeyudPahLXU75nybnMZut6q6uk6ex0vU2nyVYhYXAO/GeFam1/TYmn77cW9gCvAZes6912RQRRtB5ss2fqfVJy4faNrf6Qtap09x1Pq+dzSygiZEDgPe4f8AVZfTzair1R9fWVDZWR/ym4uvEp9TrJmF0lTI63PmK9W6BP2Po6Hzky1L9ziTm2FLjonbqerJTV9L6k55sAwlrfyKwfghO4UlVCTjdey29b2O6brNvyugNv0XM/BNwFbWM/pK9HF/SuHL1Y9h8RC6Q+iQCfaCsdM22oi4nBSDiDhS7B3QFgBV253DKdnbLY5UoeHBQFqJjccKWNYZZGnyMKq4XVlzHFOyG/zLUykjlycV5MlUAjhSxxNkFzypnQD8CERPCXKVJw5Y3Vm484+N9M0dPU8jSLxycFcx00y1FG5k73Qlvnhk4v7Lr/jTBfpPeclkgXF6Oa51JSPpKVzoNnnNuVjmly4+nv8AjZTHLX473Q4RHQSyC33nA/lWHrRIeHO81iqVJq0kMrxC9wt88buyoV3VNM95gqIXNkacEcLzYXrT08mF3sNRPnmyoUZL62aa+B6IJqgVZcKYF20bnKrSVHhR7r2L12rig6oq6iOkYIppGNe7LQuWNTUNN9zvcldNrTX1NOG2uQQVz1Z4oYWOi2s+mVvDJigGoVIBbvsD3Quq6i9/Euq1xtsnB8q6Ssp/FlebueSPQI2nGbk3VduHc2UrDe1m/mtSpppUkgY+IsF7yN/dfUmjn/ldKXY+6b+y+VqdwAZ2s8L6f0iYHRqK/eFufyXn+RzeEMcba2GG+RwiUVM4FmOFKs43ykrcCXWfttlECoz/AIw8w+ikWlOgc27gb2t2RFA4P3NDfl7oDXPa1JWtr2tglLGWxZdCsPWK2Cmq2eKCThcebO4YbiWbeA68ZYta1J8rruLrErlKlznF18+67HVTFW67qLbhpMhOVxVRhz7nvYBdcMrcZaa0qSFtrHJQHaSB2TvN7A890GLrSiLcEoC2wv3S3X+iYk3woBvnhO13oE3HKa6Cwxzg8EZXqWgtb/DYdrTJIRyBey8nDrYC9DoOuZtK0iCnoKOESWsXvAupeOZ/rOVs9OrbQVRsTHtYe78KI6b40hD6qMkcta4YXBav1frlY8sqp3RNP8psCs3TJdSq9RZTafUSOnqDssCc3THh4sffbGuTL3Xc1Or6DpznxlzqiVhz9UVNq+u1g/5Fo0ke75XubbCvaF8JjTVcdTrNdG4tIe6Idz6HK9KNXFAxrItsbGizQ3GF185jNYxmcMt7ecxdKdY6qwOrtRbSMd87Qcrr+mOn4+ntMNHFM6Uufve93cq5Lq8WQXXPuq7tWbezRdc8rcvbtMZOo0Q0kpbFXpqoykWHKufVY0qPakpMJK6V4rT9CdT1GRp0jf8AW4rVpfhf1HO3bI6KD3d/8L3kxSn8QH0TfZSfmcSvTM5Hkvna8eo/g9WlwdV6mwezf/hbFP8ACDTBmprpnH2XpYpGW5KMU7B2UvJWvHP/ABwMXws6biHmbI/3Lj/1WlB0R03AwNZpzXEdzddcImjsEQa0dlPspeK1zlL09plO9rotOhBHHlWzBTRtF/Bjb7BgVsABIjKmXJauHF4+6BjLHt+SIgXuq0szo5LdlHJO93yhTxt7TLnxx6c18V4WTdGVm78IuCvNug7nRROXbfDdz6L0zrmB9T0rqLXZ+6Jz9CvDtDqar+FSUEEwEcjjvB7rp46xTj5PK7eiVGs0MdzNXxj1sVmT9X6RGdoqHSEfyrjf4XTRuHivbfi5N1Lp9EytrH0tPF4jxxtb8wXG4O8yblR1pTuDhDRyPHuqkPVE5nZfT2iDlwHK1IekNSbTSTOpdrGN3HdjC5qj+26hRVdWyNjaemdtJHN1nS7QVxm1KsqHMj8OBxsAeQpek3uoNRqaKQ4dGS266H4b6R/HqmeGsfthbm4GSV0vWPRVHQaYdU00OdU0/wA5/mCHp5ZHQRzRue15PmIWbWUrqefaDe69X+GukUAqavTdRhbNMR40Tz+Jp/8AgrS646DpquklrtNZ4csbcRNHzLUqWPF20Uz5I4ww3eQB7r2GnjZSUdNTRCwhjAt7rm+n+l9Xkr6ar1Gm8Clgzc4JW7UT/eyP/q4Uzy301g066WN2jS03iXcYj5fyWH8GX7Ndqozjyn91HV1I8QyxA+YWKXwqf4fVsrB+IG/6hduLrGxy5Pce2gJ9qcBOuTUxgSErX7IuUrJtfE20eiewTpKbXxgdpT2TpKbNGSSSJA7pscF8Z493Rc54s9qwulKiGHpej8eeOIBvc55XR/F1zT0ZUHmz24XgjfFnEcfiP2HFuwXad4MSyXb0fXK2gqqoDT3sfIwfeOYuWqaZj5HWy4+qi0ml/hrpHOk+cfqnmqhv8RrhjsvN4au3o+zrSzTMNMweGQL4ddVppWAuwLA4CzKqsIc8+JYEdlSNXKbWdcLTDWFQ1znl7vlvYJTSxSta6QNueyxTVE3a/v3UT5XYG444WpNI0ajSo5GOlh79liSMdHIY3DIW7SVrGRAOzj+6i1CmbPEZmYeMu91rHJGM3Lr3UrTYjsCogLCylYL27rptlaaPu7NObr6E0rU3N6eoJiPuhGGh3uvnpmG27Dleu6OdWqelKePbHHRtNmO7uXn+TxzOdpvT03QasVVEX+60wVzPR0UlLpOx797t3K3bvPN1rjx1j0eaxsa5weRkIgo43ANzhM+ojYPM4D6lXVXzx1u1NdMs6fWaGAHxKiMf+pZNZ1ppNJcSVLL/AFWpx5X8Y+7H8dPdcX1a2STVomRsc4FvZZ1V8S6J0nh0bJJXf0hZNR13rdVI5mn6M9zxgPcwqZ8W5qn2W+o881OmqJeoa2COFzi3L9v4R6lcnW+WVzRmx5Xs/SfT2sy6pqup65E2miq4S2wIueP+i8w6m0c6fUzeELxNfYFZ3J064y2bc045JPJUd7OUslrkFREBVTOOfZN9Ckebpv2UUgbe6SR/skgKHaZWb/luLrRqqeoq6gGmheY7ANsodJhbNWM8TLBkrsqeoIcGwss3jC555+L2fG+J903a50aLqU8bGS4t8odypdLo9S0rUYqykLRNC64v6rqaGkqaqreyJviSW8oKqikkirXRPP3jT5gMhc/tr1z4XHenWUvWVVVw3rofCmHzEcFHBrUNZVGnEx8UNvtXOlrHHaTZwz9VR6T1GOPq+Opqcwuk8M+n/vK3jna4c/xsMMf4vQoYJZnXjjc4FatJo9Q4h0o2j0XQvbBEbRhu3kW9EwnJ4Fgum3ztaRRUnhNAA/NEW2Tl7j3UZddAikh5SQdenSSVCKSSSBJkklCnTeqSSqVRqvnT0/CSS7T+r5l/7lXqVrT0/qAIBHgP7ey+Z9NJDzY287v3SSWsf6vXj7KPNWb5z3XU/DQkdaU4BIFncfkkkuddZ7e1a8T/AAmuz/kuXzvocj26PWMD3BhkN2g4KSS4tO/+COZq2+cf9V6ZXta7TqprmggxG4ISSSe1/HnvSwA6p0ewteBwNvo5elSYOMZ7JJKX2sYWsyPdE8Oe4j0JXn8/L/qkkn6sVXfKp/hxjrc29P8Aokku/H+uPJ7j3JJJJc3SEUxSSUUBJ9UDifUpJKCAvd/Mf1Ql7v5j+qSSzRG57/53fqqk0kl/nd+qSSl9MOS+IznHo6ru4nzDkrzDSmt8CLyj9Ekl6eP+rF9h1InwHZKxC53hnJ/VJJc/11im4nccqG53cpJKqZ/zn6Jz/hpJKiWD5QtqH/8A4SSUiMCb/Fk+qOm4SSWqidvyuXvWgADoOisP/eUkljm/qzl6dJ0fnTjfPmWzIcH6JJK8fpyv9WRWSPANnuH0K4HWaup8R4+0TW/1lJJerF5MnCahUTPf5ppHZ7uJUWmsbPWHx2iTj5xf90klrL06cT1vpXT6JsbC2jpwfURN/wCi61jWxwnw2hv+kWSSXkyeyM/ViTplXck/dleIdT50m5ybd/qkkvP+vTx+nnknA+iidykkuzl+0PYpkkkD9k/cJJINLQ/8crp6H52/VJJefk9vt/C/6nadFgfaap1vN4Rz34XK0znGrqSXH/Ed390klh0x/vSryRGDfOVy9KSGNIJB8UfukkumLj8h9EaYS7R6JziS4wi5PPCts4SSXR8nL3RBCeUklWCKSSSD/9k=\" style=\"max-width: 100%;\"></p>','太原新闻','a',''),(16,'测试1','测试1','测试1','百度','小明','2018-10-23 00:00:00','1540296210915_1.jpg','','','','','<p>请编辑您想发表的新闻四点五七的撒的的撒</p>','太原新闻','a','ZY_TPLB'),(17,'测试2','测试2','测试2','搜狐','小明','2018-10-23 00:00:00','1540296433632_1.jpg','','','','','<p>请大撒大撒</p>','科技','','ZY_TPLB'),(18,'我们热爱国家和名族','是大大撒','的撒旦撒旦','百度','小明','2018-10-24 00:00:00','1540368974029_code-wallpaper-8.jpg','','','','','<p>的撒旦撒旦撒旦阿三的撒的撒的撒阿达阿三的撒</p>','太原新闻','a','SY_TJGL'),(19,'weqewqewq','ewqe','wqewqe','eewqewq','ewqewq','2018-10-24 00:00:00','1540296433632_1.jpg','','','','','dsadsadsadsad','太原新闻','a',''),(21,'河南人','河北人','山西人','小明','小明','2018-10-25 00:00:00','1540456474812_tu4.jpg','','','','','<p>我是一个河南男孩</p>','太原新闻','a',NULL),(22,'1100万非法移民“黑”在美国','1100万非法移民“黑”在美国','1100万非法移民“黑”在美国','搜狐','搜狐人','2018-11-13 00:00:00','1542100976838_image.png','','','','','<p>请近期备受关注的移民大篷车在11月7日美国中期选举结果出炉后“止步墨西哥城”的消息还没过两天。当地时间11月10日这支5000多人队伍“休整”过后，再次启程向美国南部边境前进，按照他们目前的步行速度，距离美国边境还有几周时间。</p><p>近年来，非法移民问题成为欧美诸国的一块“心病”。美国目前约有1100万非法移民，而在欧洲边境仅每年被拦下的非法移民就达数十万，成功“潜入”的人数尚不确定，欧洲常年对7条非法入境路线保持警惕。搜狐号数字之道为大家梳理了正在考验欧美领导人的这道“非法移民难题”。</p><p><strong>1100万非法移民“黑”在美国！8成来自拉美</strong></p><p>10月13日前后，约1600名怀揣美国梦的移民坐上大篷车，从中美洲的洪都拉斯出发，一路向北，穿越危地马拉，进入墨西哥，不断朝着美国边境进发。10月26日前后，有4辆巴士返回洪都拉斯，有1700人在墨西哥当地申请庇护，还有一些人决定继续北上，至11月5日行进至墨西哥城时约有5000人。</p><img src=\"http://5b0988e595225.cdn.sohucs.com/images/20181112/049ebaf500b3410fbf22ec11ef20c8d1.png\">&nbsp;&nbsp;<br>','太原新闻','a',NULL),(23,'太原串串','','','','吃货','2018-11-16 00:00:00','1542351956732_timg (1).jpg','','','','','<p>转眼，寒露已过。</p><p>　　除了广州气温还在很不友好的保持在30℃之外，对于大多数人来说，现在已经是开始准备防寒的季节了，在秋天清冷的早晨，一件薄外套是不可缺少的。当然，大街上还是免不了有一些“美丽冻人”的小姐姐们，依然穿着小碎花裙在风中摇曳。</p><p align=\"center\"><img border=\"0\" alt=\"\" src=\"http://pic.dltv.cn/images/2018/11/16/201811161542336421456_42.jpg\"></p><p>　　身为一个土生土长的北方大妞，我是第一次来到南方的城市，并且将要在这里生活四年。南方和我想象中的一模一样：这里的妹子都白出天际，这里的人尤爱吃辣，这里的衣柜特别容易发潮，这里没有人用搓澡巾，这里的蟑螂有硬币那么大，这里卖水果的阿姨不会说“一共是十四块两毛六给十四就行啦！”......</p><p>　　与这些相比，最难适应的还是这里的天气，九月份刚来的时候潮湿、闷热，一出门就满头满身的汗，还好夏天眨眨眼就过去了。可是最近听同宿舍的小伙伴说，南方的冬天更加难熬，一床被子都不够用，因为没有暖气……没有暖气的冬天，简直活不下去！</p><p align=\"center\"><img border=\"0\" alt=\"\" src=\"http://pic.dltv.cn/images/2018/11/16/201811161542336428364_42.jpg\"></p><p>　　随着天气一天比一天凉，我的心中也不禁凄凉了起来，脑中不停地回旋着一首老歌，“寒叶飘零洒满我的脸……”虽然有着可亲的老师同学陪伴，有着可爱的室友老乡安慰，我还是按捺不住心中的伤感，在一个孤独的傍晚走出了学校大门，宛如一个幽灵般，在大街上游荡着。</p><p>　　路上已经有泛黄的树叶落下，被一阵风卷着，飘飘荡荡的往前飞去。我的视线追随着它，飞啊，飞啊，飞过了黄焖鸡、砂锅鸡、岩爆鸡、大盘鸡、肯德基，飞过了蛋糕、糖果、冰淇淋，飞过了沙县小吃、安徽板面、杭州小笼包、兰州牛肉面、西安肉夹馍，飞过了麻辣烫、火锅、串串……越飞越远，我的视线也越来越朦胧，恍惚间，有一滴泪水自我的眼角划过……</p><p>　　嗯？等一下！串串？我定睛一看！</p><p>　　嗯？四川食盟企业管理有限公司的段记传小时候小郡肝串串香！</p>','太原新闻',NULL,'SY_GGGL'),(24,'','','','','','2018-11-19 00:00:00','','','','','','<p>请编辑您想发表的新闻</p><p><img src=\"data:image/jpeg;base64,/9j/4AAQSkZJRgABAQEASABIAAD/2wBDAAgGBgcGBQgHBwcJCQgKDBQNDAsLDBkSEw8UHRofHh0aHBwgJC4nICIsIxwcKDcpLDAxNDQ0Hyc5PTgyPC4zNDL/2wBDAQkJCQwLDBgNDRgyIRwhMjIyMjIyMjIyMjIyMjIyMjIyMjIyMjIyMjIyMjIyMjIyMjIyMjIyMjIyMjIyMjIyMjL/wAARCAKiBHIDASIAAhEBAxEB/8QAHAABAAMBAQEBAQAAAAAAAAAAAAUGBwQDAgEI/8QAXxABAAEEAgAEAwMGBQsNDAsAAAECAwQFBhEHEiExE0FRFCJhFSMycYGRFkKhscEXJDM2N1J1lbPR4QhDYnJzdIKSlLLC0tMlNDVEVld2k8Pj8PEmR1NUVWVmg4W0xP/EABUBAQEAAAAAAAAAAAAAAAAAAAAB/8QAFBEBAAAAAAAAAAAAAAAAAAAAAP/aAAwDAQACEQMRAD8A/n8AAAAAAAAAAAAAAAAAAAAAAAAAAAAAAAAAAAAAAAAAAAAAAAAAAAAAAAAAAAAAAAAAAAAAAAAAAAAAAAAAAAAAAAAAAAAAAAAAAAAAAAAAAAAAAAAAAAAAAAAAAAAAAAAAAAAAAAAAAAAAAAAAAAAAAAAAAAAAAAAAAAAAAAAAAAAAAAAAAAAAAAAAAAAAAAAAAAAAAAAAAAAAAAAAAAAAAAAAAAAAAAAAAAAAAAAAAAAAAAAAAAAAAAAAAAAAAAAAAAAAAAAAAAAAAAAAAAAAAAAAAAAAAAAAAAAAAAAAAAAAAAAAAAAAAAAAAAAAAAAAAAAAAAAAAAAAAAAAAAAAAAAAAAAAAAAAAAAAAAAAAAAAAAAAAAAAAAAAAAAAAAAAAAAAAAAAAAAAAAAAAAAAAAAAAAAAAAAAAAAAAAAAAAAAAAAAAAAAAAAAAAAAAAAAAAAAAAAAAAAAAAAAAAAAAAAAAAAAAAAAAAAAAAAAAAAAAAAAAAAAAAAAAAAAAAAAAAAAAAAAAAAAAAAAAAAAAAAAAAAAAAAAAAAAAAAAAAAAAAAAAAAAAAAAAAAAAAAAAAAAAAAAAAAAAAAAAAAAAAAAAAAAAAAAAAAAAAAAAAAAAAAAAAAAAAAAAAAAAAAAAAAAAAAAAAAAAAAAAAAAAAAAAAAAAAAAAAAAAAAAAAAAAAAAAAAAAAAAAAAAAAAAAAAAAAAAAAAAAAAAAAAAAAAAAAAAAAAAAAAAAAAAAAAAAAAAAAAAAAAAAAAAAAAAAAAAAAAAAAAAAAAAAAAAAAAAAAAAAAAAAAAAAAAAAAAAAAAAAAAAAAAAAAAAAAAAAAAAAAAAAAAAAAAAAAAAAAAAAAAAAAAAAAAAAAAAAAAAAAAAAAAAAAAAAAAAAAAAAAAAAAAAAAAAAAAAAAAAAAAAAAAAAAAAAAAAAAAAAAAAAAAAAAAAAAAAAAAAAAAAAAAAAAAAAAAAAAAAAAAAAAAAAAAAAAAAAAAAAAAAAAAAAAAAAAAAAAAAAAAAAAAAAAAAAAAAAAAAAAAAAAAAAAAAAAAAAAAAAAAAAAAAAAAAAAAAAAAAAAAAAAAAAAAAAAAAAAAAAAAAAAAAAAAAAAAAAAAAAAAAAAAAAAAAAAAAAAAAAAAAAAAAAAAAAAAAAAAAAAAAAAAAAAAAAAAAAAAAAAAAAAAAAAAAAAAAAAAAAAAAAAAAAAAAAAAAAAAAAAAAAAAAAAAAAAAAAAAAAAAAAAAAAAAAAAAAAAAAAAAAAAAAAAAAAAAAAAAAAAAAAAAAAAAAAAAAAAAAAAAAAAAAAAAAAAAAAAAAAAAAAAAAAAAAAAAAAAAAAAAAAAAAAAAAAAAAAAAAAAAAAAAAAAAAAAAAAAAAAAAAAAAAAAAAAAAAAAAAAAAAAAAAAAAAAAAAAAAAAAAAAAAAAAAAAAAAAAAAAAAAAAAAAAAAAAAAAAAAAAAAAAAAAAAAAAAAAAAAAAAAAAAAAAAAAAAAAAAAAAAAAAAAAAAAAAAAAAAAAAAAAAAAAAAAAAAAAAAAAAAAAAAAAAAAAAAAAAAAAAAAAAAAAAAAAAAAAAAAAAAAAAAAAAAAAAAAAAAAAAAAAAAAAAAAAAAAAAAAAAAAAAAAAAAAAAAAAAAAAAAAAAAAAAAAAAAAAAAAAAAAAAAAAAAAAAAAAAAAAAAAAAAAAAAAAAAAAAAAAAAAAAAAAAAAAAAAAAAAAAAAAAAAAAAAAAAAAAAAAAAAAAAAAAAAAAAAAAAAAAAAAAAAAAAAAAAAAAAAAAAAAAAAAAAAAAAAAAAAAAAAAAAAAAAAAAAAAAAAAAAAAAAAAAAAAAAAAAAAAAAAAAAAAAAAAAAAAAAAAAAAAAAAAAAAAAAAAAAAAAAAAAAAAAAAAAAAAAAAAAAAAAAAAAAAAAAAAAAAAAAAAAAAAAAAAAAAAAAAAAAAAAAAAAAAAAAAAAAAAAAAAAAAAAAAAAAAAAAAAAAAAAAAAAAAAAAAAAAAAAAAAAAAAAAAAAAAAAAAAAAAAAAAAAAAAAAAAAAAAAAAAAAAAAAAAAAAAAAAAAAAAAAAAAAAAAAAAAAAAAAAAAAAAAAAAAAAAAAAAAAAAAAAAAAAAAAAAAAAAAAAAAAAAAAAAAAAAAAAAAAAAAAAAAAAAAAAAAAAAAAAAAAAAAAAAAAAAAAAAAAAAAAAAAAAAAAAAAAAAAAAAAAAAAAAAAAAAAAAAAAAAAAAAAAAAAAAAAAAAAAAAAAAAAAAAAAAAAAAAAAAAAAAAAAAAAAAAAAAAAAAAAAAAAAAAAAAAAAAAAAAAAAAAAAAAAAAAAAAAAAAAAAAAAAAAAAAAAAAAAAAAAAAAAAAAAAAAAAAAAAAAAAAAAAAAAAAAAAAAAAAAAAAAAAAAAAAAAAAAAAAAAAAAAAAAAAAAAAAAAAAAAAAAAAAAAAAAAAAAAAAAAAAAAAAAAAAAAAAAAAAAAAAAAAAAAAAAAAAAAAAAAAAAAAAAH11Pl769IB8gAAAAAAAAAAAAAAAAAAAAAAAAAAAAAAAAAAAAAAAAAAAAAAAAAAAAAAAAAAAAAAAAAAAAAAAAAAAAAAAAAAAAAAAAAAAAAAAAAAAAAAAAAAAAAAAAAAAAAAAAAJnL1FjA0GFm5OVVGdnd3bGLTb7iLEVVU+eqrv0maqZiI6n0jv09O4Zbd9vtBtOG6TDsa2/b3uFTFnIy6qvzddqPP1TTHm/2UT31HzBF7jT4+nxsG3XlVXNjfs05F+xFvqixRXTFduPN361TTMTMdREdx6z6oZbeab3Q7+nV39VrsjFzreNTa2F27V3F6umiiimaY80xERFM/KFSBoXhbg67MjlVzZYGPl0Yekv5Vv49uKooro6mJhnrXvBzS28/Q8tqycmnFoz8ajVY92ueoqvXe+qfx9fJ6fiyfKxr2Fl3sXJt1Wr9muq3ct1ek01RPUxP6pgHivHhxxDabvl2jyPyVlXdV9soru5M49VVjy0T5qqZq68vr111+KjtPq2ux1XgTqLuuz8rDuVbm9TVVj3qrczHk9pmmYBCc4025yd9tt3HFczV6n40/D619Vi1bt9xTTM/diImfTv8ZWjT8LzMnwR+0YHHY2W22mwmbV6LMVXMexT6TMT7x3VRMfj5vwefFtnmb7wt5nZ3m7yqseL+uoqyMq5cvfApqv/AHqoj1n2jvqPfpyeImwz863jZ+gjIs8Q1nl1ODftXPLTcqop7qqmInvufrMesRH4gqm24LyfRa+rYbXTZOJi01RRNy7ERHc+0e6d47qeM2vDfM5Hu9dmZt+1s4w6aMfK+D92bcVRM/dn6T+9IU5N+/8A6nbKrv3rl2qrkUU+auqap6+DTPXq/eNbWjT+Cuyya9ZgbGJ3luj4Odbqrtx3Z9+qaqZ79PqDqxeKcR3GHxDPwdbm4tnbberCv2ruX8SfJHp6VREde/fsitvX4b6zc5uBVod7VVi5FyxNVGfR1VNNU09x3TPv0uWq2dG21Phxl0a7C19M8hrp+BhUVUW46mn1iKpme5+fq+N5jeJk8g2U4fEsC7i/arvwblWqxqpro80+WZmY7nuPXv3BUtlqeH53hvsN/o9bsMXJxc21jf11lRc7iqJmZ6iIhFeHGg1XId9m4+4ov14uPrr2V5bFzyVTVR1Pv1Py7XrktnktHg1tP4Samxrr0bOxNuizi27EVU9T3PVHpPr81Z8G7lFrlWzuV2qbtFGmyqqrdXfVcRTHcT169SD7wtTwje8b5Fl6zXbfGytZhfaKJycuiumZmqKY9KaY+r003H+Gxu9bkYudyS9T9ptVW/PqaZt1/ejrufP7SkuKbrT7njHLrMaDC01inAtzfvYU3K65om7TE+ldUxPUesOrVZ06q1r4wuTc6nW2fJXas29VMWq7fffUT8T9GY/nBz854/xO/wA7205ORvrFyL3lqtYWpom1R1TEfdmK47j09+mTZlONRnZFOFcruYsXKos13KfLVVR3PlmY+UzDcNtv8ncbvLy8TkHPcOxkVzVRiWtXVVRbif4sfnP6GOb2xp8fOpo0mZlZeL8OJquZNmLVUV9z3HUTPp7AtF7w909ufu+IPHKv+Hc/opldMDjuDxLw12GFPK9JazOSVR8PLufE8k41HpPljyd9zNVUd9ddT6T6KL4c+H+TzXcUVX+8bS2blNOVlVT5YmZmIi3RM+9dUzEfh3+qJs3P97wfO5dlYuy1m+82rmddat42Vaos26LUzTEUUzRMxHpM+/zBWaeB6qffn3HI/wCFe/6jg5DxXX6TWW8vF5TqtrdruxbmxhzVNdMTTM+ae4j09Ov2wmdTb8N9pt8LX0azklNWVkUWKaqsyz1TNVUU9z9z8Vc5nqsTR8y22qwfifZsTJqs2/i1earqPrPoCZwOIae3wPG5RvNrm41rKza8WzZxMWm7VPlp780+aun09Jj9zj+x8D//ABrkH+LLP/brPl7Die18MOLaXI5HVhV6+q/cyrNvCru3ZuV1dx1H3aevWfWav6eoLE4zxXd5FOJp+VXrGbcny2bW1wos0XKvlHxKK64p7+XcAiOS6rWau9r6tRsL2bi5mHGR5r1qLddEzXXTNMxFVUdx5Pr80C7ttqs3R7XJ1mxx6rGXj1zRct1fKfrH1ifeJ+cOEF0ucX41haDTbPY8jzaK9nZquxaxtbTd+H5apoqiZm9T84n5PvTcX4vv9vjavXb7dXsvJrii3RGmo/fM/aPSIj1mflCnVXr123atV3K66LUTFuiapmKYme5iI+Xr6tNu3qfCjjH2Sz6cz29iKr9yPfXY9XtRE/K5V7z9P2RMhSd5x+NdzDK4/rcmdnXayPs1q5bt+Wb1fpHUU9z/ABvT3WfY8J4zxK5axOVciyatpNEVXsHVY1N2cfuO4iq5VVEd/h1/PEng1ZtzzuvZXqYuRrMDIzYpqjuJqpp6iZ/V5u0bZ4fuN5bne7jZ6zVW9hXVet39rk/CnImZmZqppiJqmO/n10D6zeI6TL1eZsuM8kozaMO18a/h5mPVYv0UdxHdPvTX6zHtMKnh4l/PzbGHi26ruRfuU27Vun3qqqnqI/esG84jvuKYdGdXXava3Mpm1TnYF+Lti7HfrTNVP6vafp+C+eE2hw+P163l28poqu52bawNRjeaPNXXcriiq7MfKKYmev8ATT2HFy7G0debr+C/lLXayxo8XrJ2VzHmub+VMxNdEVUx5uomqr0+vfftCuTxDjUT/dA1X/JMn/qI3nv90Tkv+FMn/K1JPw/49h5mRl8h3lP/ANH9NTF7Jif9fuf63Zj6zVPv+H07gHpzDw+scR0eBsauQ4uZdzvLXYxrdiuiuq1MTPxOqvWI9o9Y9e1IiJmYiI7mUtyTkObynf5W32Ffd6/V6UR+jbpj9Gin8Ij0WLw4t8fwc6/yHeZliqrWeWvE1szPxMq9M9UfLryxPrPvP4dR6hM8h1U4XH9B4eazUWczkl3rLzrtNmKrtmu596LUVe9PVPl80+3UR+L2zMzh3EuNZHC8urJzc+5cpu7LOwLVm5TFyI/sVFVz2in27iO++/b2Tmy5jm8Z8e9niW8rFxMDNz8X7bfu26IqptxRbmY+JPrEde/r0keO5HIr/Lsja5PLNJk8aw7ty7kU28i1VTRanzfDiqYp9O58se/7wZnzjjHH+N6jU1Yd3aRtM+3GRXiZk2+8ezPflmuKY9KqveI79I77UVvfDt7vrfMcLL5JznQZesp+JVkW6cy1VVMfDq6/ixPpPU+/tDEtVVrqdrYncU5NeB5vz8Ys0xcmn/Y+b07Be44XxO/iWsnGzeV3LNymJpuW9LNdFX6qvNETCzcf4vobHA+W2rde9rpuRixNy9pYi9b/ADkx+apmufN331PrHUODR7TWbP4Wr4zkeJddu3HlosY2wt027cfj1HVMfr6hYNjyPQ8Z0eXqI5TyfabPY1WabtnH2cX7+HNFU1dUXYp8kTP6NURM/wBIKTj8E41er6nI5fP+10M/0VSom4s6+xtcm1qr97IwaaurN2/R5K6o6+cfJsm0vTxvU4ez2+18RMS3lVTFFmvd2ovR9Jqtz96In1+Xy9evTvKOR3ONXMixPG7e1oteSfj/AJRrt1VTV38vJ16dAgwAAASWi02XyHe4WpwqfNkZd2LdP0p796p/CI7mfwhpdzU8Y5n4s4/F8TEnD1WDj14s5OH5aL2RVZtz3XVMxMT60dd9dzH6/SV8Jdfr+JV6TbZtdjJ3PIb/ANnwbNFcV/Z7Hf5y5V17VT1117x/xoiB8Mup8dbnmn0+Lm9/8W4CEmPCv5V8yj/g4v8AndmTxrhWfwHeb/j97fxkayuxR5M+bMUVfErin2oiZn07+cfL3cH5J8Of/Kjdf4rp/wC0Wazi8exvBvmUaDZZmbTVewvjTk4sWfLPxfTrqqe+/UGZajWXt1tcfXWLti1dvzNNNeRci3RHUTPrVPpHs1vhvAczA43y+xkZWjv3sjBposXKM61ci1V3MeaZ7+56T7sx45x+zv7uRRd3er1XwaYqirYXZopudz7U9RPctI4txvA0nGOUWL/LuPXKNniU4tq/av3Jt0XPN31XPkjr0/XIKnieH13F5PoMDbZmFexdpmU48zr8yi7XTHmpiZ7juI/S9E1HHvDOeZRxrzcu+1TsPsHxPPjeTz/E+H335e+u/wAHzxThmNquXaLPo5Zx/Prt7LG6xsPJqqu193aY9ImmPbvufwhF0/3fKf8A0o//ANQK/wAn1FnV8w22p18XrlnEyrli35/vVzFFUx3PUevt9Fy6q1XgFbx5w6a8vcbiuq3NdmKq6LVFNMVTTPXcT5qIj9soLlG2z9H4rcg2Gsya8bMtbPKii7R15qe666Z/kmYahkcn5NHiJwni1G4y4uU4+LXtI83rduV/nLkVf8DqAYpoeP53IOQ4ukw7VX2rIuRR1VEx5I+dVX0iI7mf1LdzWMbk3IPyLw7S27+JpcWbc5ONa7u5NNumIquVzH6UR11Hzn9sRFnjmXBsKvlNzJr3Frc7bNybd7KwqLdddFibs9U25q6imKqeon3n+Tqs6jd+H/HtvjbTVVcwpysevzUV/FxqP2THlnuJ9pgGdL/xDF1Wp4Tv+TbvX2M6LvWu12PfjuK70/eqq9PWPLEUz3HU+sx3Hby8RLvF9tlYfIuPXabE7LzVZms6+/j3In1q9PSIq9+v2/PqLvGt4Dyqdfh4W+z6NHx3Dqv37NWFNNNVPm812uu5Mx9+ueo9I+nQKP4fcZvXud4E7nFrxcDBtxs8urJtzFMWKI88VTEx60zPlj8e0juuNca3W+y861zbQ4tGTemqjGx8O7TRbiZ9KYppp69v3z+t87zxd2e0s59GLi2sW5k5du5ReifNVRj2p7t2PLPpERMRVPXvPfp6rvTxfFif6pn5EyZ2E40ZlPH4tev2nzdfG6783wu/v9dd/wAwMn5vxOjhe9p1E7K3nZFNqm5em3bmiLU1esUz3PffXU/L3h58RwtLn7C9j7nC3mXTNrzWadPTRVdiqJ9e6aon7vSH2WwytrssnYZ12q7lZFyq5drq95qn3/Ut/HcviWpxMbOjkPJNfufhzTenAsUdU9z6xTV5qZ666BZeP8C4dv8AeWtdTrOb4dNVFddV/Los0UURTTNXr9yffrqPxlEUa3jFir81wLl2b18sjJ8nf/EstAxtpRoeE3dpk8l5pl1b23NnC+LR8S9j0RPdV2mj4sxHfpEVdxP0VW3uqZn05j4lz/8AszP/ALYFM5lc11VWFRh8OyuN3KKJ81F7IuXPj09+lX36YnvvuO/b5fJ4cY1fGNhZy55DyG7qa7c0fAi3h1X/AIvffm/R9uuo/es3JauMZ1qq7uN9zDI2NGPV9kjZYtMdz6+WO5qmfL5v6WagvdXHfD35c+y/8SXP+uldj4dcR1Wn1u0zeb5FrG2VNVeLE6irz100z61eXz9xHrHUz79org/Badvar5ByGurA4th/fyMmv7s35j/W7fzmZn07j+fpcPEarR8n5VwyvPyatLqM3UUVU100RV8CmZq8lM+0RHtHftAKla454czVHxOf5cR/ga5H/SlTNlZxMfZ5VrAyZysOi7VTYv1UTTNyiJny1eWfWO49ekxzDhuz4Xtvsewpi5ZuR58bKt+tu/R/fUz+31j5fumZXw1yMTWZ263OTl2LNeDqsica3criKrt6unyU00xPrPvPfQJrnWr1NW+0NzYUXNZqrmkxqrmRhYVM93qqJq6nryxNU/jPfT61mNwOOB7zDo3uTXdu5OPNNdzW2/tMREz38OibvdUT6dzEx1+Pab5HyTHwdhptBs8TIytfn6jW3aJxr0W72Pfoiry125qjqJnuInv5LfYzt5/CfCsZV7kduYy7VNy3c3OtinrzR6VUW6YqmPrEeswCkZvDdDm+Hulqs17qLOHOVdyMqzpKZu+XzUz3d/OfdiI78vrPcd+3TKdxZ1djZV29Pl38vCimny3b9qLdUz16909z11P4t03uiv7rlmys1/wqyZuZl2KLVnkmJTR15p9KLdXrTT17U+8R6MS5FOljZ+TRWM6zi0URTXRm3KK6/iRM99TTER17Ah2heFuDrsyOVXNlgY+XRh6S/lW/j24qiiujqYmGete8HNLbz9Dy2rJyacWjPxqNVj3a56iq9d76p/H18np+IMhHtlY17Cy72Lk26rV+zXVbuW6vSaaonqYn9Uw8QFl4Zl8dsbevH5Pg1X9dl2pszkW6pi5iVTPpdpiPfr5x1Pp9faeLH45n5PGMvkNFNv7Bi36ce5VVX1VNdXtER8/dYOd6jW6rR8PuYOFbsXc3U0ZOTcpqqmbtc9R3Pc9R7fLr3kETzHiOZw7eTg5NdN/HuU/FxMq3+hkWp9qo/pj/AETNdSWdvdps9fgYGbm3b+JgUTRi2q59LVMz3MR/p+URHtEOvbcXztRpNVuK6rN/A2VuarV6xVNVNFcT626vbquPnH8/UgggAAATfFddqttyLGwt1sp12Bcirz5MU+byzFMzTHX4z1H7Vh4/wnT7DxD2nF9ruq8KMfIuYuLdiiJm/dpu/Dpp69omfdVdJk6/C2dvK2ONdybVn79Fm3XFEXK4mJiKp6nqn69ev6nfq+Q0Yu9yt/mW7uRtZuVZGNNNUU0U36pmfPX6TMxEz5oiPeY9wV+YmmqY+j8AAAAAAAAAAAAAAAAAAAAAAAAAAAAAAAAAAAAAAAAAAAAAAAAAAABIafT5+/2tjWazGryMu/V5aLdP88z8oj3mfk8cC1jX8+xay8mcbGruU03b8W/PNumZ9avL3HfX0aHt+XaHiGtydDwCm5Xdv0fCzd7dn87ej502vbyU/j/oqBz8622LotdrOEaLIprs6m59ozcy1V/Z83r1mJ+lHtH+h7cowbfPuPzzbUWo/KWPRTRvcO3HrTVEemRTH97VEev06/CZZonOLco2XEN3a2msuRFyn7ty3V60XqJ96Ko+cT/pBBtawuQ5XHfA7VZGLjYN+q5uL1ExmY1N6mPud9xFUek/ir/OLvCNphY2745N/A2OVXP2rUzb7t2Z69aqavTqO/aI77+lPXSbw9tx7A8F9VZ2+uo21c7W7XGLbz5sV2/uzHmnyxM9enXt8we+LybL5H4O84nKxdfj/ArwfL9jxKLHm7vfxvL7+yucF5FrcbU73jXIL82tRs8aqui55Jr+Dk0R3bqiI79+up+vUJzH3vF8rwp5jiavW29Lk3asOabF7ZfHryer3c+SKopn7sdzPXfupHFNFg8h2teFnbzE09EWpuU5GX+hVMTH3e+46n17/YC1d+X/AFOf+25L/wCw/wBCR4bl77C8HNle47YuXs2d3RTNNvEpyJ8nwvX7s01R9PXpzc1zeN6Xw613DNJuadxk0bCc7KyrVuabcT5KqYiPeJ/Sj2mf0fl30rWu5tlangt/juDGRjZF3YRmTm2MmbdUUxRFPk6iO/l333+wGqY2TuszA8Or2/s3LWf/AAgqiqm5jRYny909fcimmP29KZqNtjYninyTV7O/NrWbm/l67IuTPpa89yfJc+n3aop9fp2++F83u7Xc8X1PINhatYut2M5v5Qy71dVVU9TMUTVVMxEdxEfKDkPIeCavY7a9pdZVv9lm3b1dWdsO6bFnzzMz8O36TMx36TPr36xIPvY29J4YRl6jLxKeQcju2vh3/tVNdOJi01U/xY9Kq6pif0vTr5THr3y+DFd6jl+yuYtMzfp1GVVappp833uo6jqe+/X5erz1vLNByXS2dNzq3kRdxLc0YW5xo8163THtbuR/Hp+UfT8PWUNwnlNjiO6z874V+9F7BvYtmqiqKKqaq+vLV+zoF81my5dm8J5nTyPCvWLFOtpm1NzWUYvdXxKfnTRT36fJ273ZWsTjPDaLvKOR6mqdJYmLWrt1VUVx7earq5T6/L9UM31vPdtianc6/Mv5Oxt7PF+z/wBc5NdXwfXvzRE9+q2cw5rttLpOHYmg5BcsW6dHY+0W8S/HVNz17irr2qj26BavDTbWMnm+Jat8x5Vsq5t3ZjG2NqqmzV9yr1q7u1e3vHp7sCs10W79uuu1Tdopqiqq3VMxFcd+sTMTE9T+E9to8NOZbWrLq33Jud2I1mNF2i7rsrLn492fJ92abfX3o7n3+sMSBqWJz7K5NzniOrw8OzqdDi7TF+Brsf8AR7i5T96uf40+/wC/69zNo5J/VG/hRtvsF/Qxh/bLvwIu/k/z+Tzz5fN5o83fX19fqybgtdFvn/HblyumiijZY9VVddXUUxFymZmZ+T85xcovc/5FctV01269lkVU1Uz3FUTcq6mJBq2j/qk/wg1v2u/oJxvtVr4vw/yf5vJ5o83Xljvvr269WZeJP90vkf8Av+7/AM52eHWlwM7d4+0z+Q63VWtZl2L9dvMueSq9TFXm/Nx/Gn7vXXy7hE812ONuOb7vYYdfnxsjMuXLVfXXmpmqep/bHqCHysS/h3abeRaqt11W6LsRV7zRXTFVM/qmmYn9r4t267lyi3bpqqrqmIppp9ZmZ9oXKnnWvz9diYnIeJ6/ZVYlijHtZVm7XjX/ACUUxTTFVVPcVdRHXrBg8z02iv8A2zQcTsWNhR/YcrPy6sqbM/31NHlpp7j5TMT0CX8buqeWauzenzbCzp8ejNnvvu797vv8epj+RmTqz8/K2mffz86/Xfyr9c3Lt2ufWqqfmmOT7/WbynWxrtBj6n7LjxZvfBqiftFcfx6uqafX94Ojw2xLWd4j8fsXqYrtzmUVTTPtPlnzdfyPDnubd2HP9/kXqpqqnPvUx3PfVNNU00x+yIiHLxXe/wAGeUa/dfZvtP2O78T4Pn8nn9Jjrvqevf6OTbZ/5V3Ofsfh/C+1ZFy/8Pzeby+aqauu/TvrsF88Dr+NHiH9hyoibWxwb+JNM1dRV3EVTH7YolTeT7fY7vkOZmbSKqMnzzR8H2ixFM9Rbpj5RT7dODBzcnW51jNw71VnJx7kXLVyn3pqie4lcdny/jXJMn8ob3i12nZ1x5r9/W50WKMir61UVUVdTPzmJBM+HdVWT4Y8/wATO+9rLWJRet+f1poyPveXr8ZmKf3QpvBZn+qBxqO/T8q4vX/raXXu+a15+it8f1Ous6jSUVxdrxrVc3K79z++u3J9ap/DqI9vpHXJwauza59x67kXrdmza2Ni5XcuVRTTTFNcTMzM+kewOrluDkbPxT3mDh2pu5ORuL9q1RHvVVVeqiI/emvEXPxdJhYXAdRdivE1U+fPvUf+M5kx9+Z/Cn9GPp7fKHrruUanj3jtst/nUzk6+jZZdVNzH6r/AEqq4prp9epj1793Nmce4FmZN3Js+Ilyibtc1zTl6i9VX3M9+tVPpM/j6AoNNNVc9U0zVPUz1Ed+0PvF/wC+7P8AulP87T+N5HAuBZde/tcjuch2li1XTiYdrAuWLcV1UzT3XVX7x1M/q/H0ZvjXftO4s3siumn4mRTVcrnqKY7q9Z/CAa5ynUava+L/ACanO0W92+RTctfZ8fXTEW65+FR927V5ZmiPn3CcwcDD3OsyuFbPFw8ai5VF77Lpoiben8tM9XMi/NXVyuZ6iaZmfb5ekKzyLk/Ho5/yvMvb7b1YOVXZ8mPp7sU0ZsRbpiYqud+kRPcT6fOXxj+flWjxao3XH+LcQs3/AM5raMmqL0+WYmZrjrzXrkx1MT317e0g9Ntao8O+PZVXE8f42bayruu22yzLNNV6zVHXVNFHrTRbrjvqfXv2n5MfaLkeJFFjxI3m5sYlGZpNpcm3lYN+Pu5FmPSJmPlV6dx9Jn9aq7+vj1/kd2rQ283G09VVPlpyOrlymJ/S6juPb5RM/L1kGu8M+PqePa/CzPFXW6/XzR8S3ga+Ldy9HxPveWaqqfNTV3V7dT0m8vk2y2Ok2H8H+b6vD1uBTTVl5lXx8rIimqfLEzVNuIjv6UU+jMquWcb4ZHwuEYlWXsvL1VvNjbia6O//ALG1PpR+ufX5eqXjW2uMcA5de2fJdJm5m8s49WPZwsnz3a6vieeZmjyxMfpd+319geWBpOE7bGzMHbczs5u72FymrD2VePlU1U3PWny11XI8s0TPvPpMfX26zbb6rK0e3y9Xm0005WLdm1cimqKo7j6StPHubYlWsscd5br6NloqO6bNyimKcnC7n1qtV/P19Zpn3/kVrfY+txd3l2dRn15+BTX1ZyblubdVyPr1P7vx/AH3ouN7fk2XcxdNg3My/bo+JXRb6iYp7iO/WfxhGXLddq7Xbrjy10TNNUfSYXXwv39fGeTXNpVtbWDiWbE1ZVFVMVV5VuKon4NETE/eqmI9Y66jue1MyL05GRdvVelVyua5/XM9g8gAXDwumZ8TuO9z7ZdP9KX4Tt9do/GPIz9pl0YuJRey6a7tcTMRNUV0x7evvKJ8LardHiZorl67btWqMjz1V3KoppiIpqn1mf1Ou7TwC5k5tzcZXII2FWZfmuMC3ZqteX4lXlmmapifboHnPDuKx/8AWJrf+QZH/VTFf8G+P+GHJtVh8qxNpmbC5i12rVqxctz1budz+lH0nv8AYhfh+F//AN65f/yfG/677t2fC2avv5fL4j/cMaP+lIKVatXL92i1aoqruV1RTTRRHc1TPyiPm0vkOba4nxvXeHsZVViq9coyuQZFmIrqprq8v5qI+fkpiO479ZiPb1VXj3JLHEeaRudZi05uNj3bkY9vMpjzTRPcUTPXtVHpPomcvxV2F7Ju5OJx7jeHfu1zXVft66m5dqqme5mark1dz2DpwuL18S8a9Drou/aMWrPxr+Hk/K9Zqriaao/mn8Yl3ani273PjTk7HA192/hYnJqqsi/T15bcU5Hmq7n9Xr+L01HPKeV77hNvc0Uxttbs+7mfMUWrdViaoqimYpiIjqY/CIiPn3Kncp3OdZ5dyWzg7LIt4eRs8iuqizfqi3dj4lXUzET1V6AcpzcajxP3GdNunLxaNxeuzbivqm7RF6Z679fSYj3/ABa5qLWHtNlv/FjT38nMuUYd6KMG5Yn42Nl+SmmI7j0qoiifePlP4SxLjWrxN1vsbAztrj6zFu1fnMq/35aY/wA/076j8Vy3niTXqtjq8DhF27h6XS1f1v5vfLrn9O5dj0783r6T8pn276gPvw/v2Nf4fc23NzWa7PysKcKbH2/FpvU0+e5VTV6T9Yn+SHlpPEGvO3+uw7vE+JRayMq1armnUW4nqqqInqf2pLQcx017jnP8/ba7Xd7K7iV29RReqsU3urlXfl8s+b07iqevn+tEajlvDbO6wLs8ExcaKMi3VN/8p5NXwuqo+91NU99e/QInxLx7GJ4j73HxrFqxYt5M00WrVEU00x1HpER6QukaziOF4eYOnjnGDhVbDyZm0uWsevIu3J6ibdry0foxR3MzEz35vp7KPz/ZYW28QNzsMK9GRh38ma7dyjunzU9R7dx6fuTl/ceGenqiNTxrY7q7T/ru0y/h0RP+1txHm/b0D7xOW8V4bbvUcc01va7Siv8AMbnY0T1FPUT5qbM9xTVE9xE+ntHv7JLExL/K9ta5DxPmeTc5XFMVXcPZTTYvV1xH3otVR9yqmfXqj2iPdT73Nb08qsb7F02mxKrFv4VGHaxYnHmnqYnzUTM9zMTPcrBYv8E5ncppu2p4fuqp+5fsTNeFcq/Gn3tfs9IBw8m5vici0+Ri7Xi+utchpuxE7PF/NzPU/emqmn0qqnrrvuY9faPR28c4jp9Do8fmHMr9q7hXI8+v1Vi7TVcza4/vuu4poj5/y9e059lWKcbMv49N61fi1cqoi7ZmZoriJ681MzET1PvDymqZiImfSPb8Af0NzLkdWTb47nV77kmnqzNNj5E4ulx5rsRNfmnv9Onqfl19IhV/4Qf/AK68QP8Akc/9sk9/yPC12o4njTzTd6qujQYkV4+roi5b78sxM1fnKeqvTrrr5Qgv4Y4X/nN5l/yX/wB8Dm8aLs3txxm59oyMiKuO4tXxcmnq7c7quferjueqp959Z9UPwW/wbBtZmw5ZazMzKx5pnEwLdP5q/wD7afwn6zEdf33skfF7Y4m02nHMnD2kbKmNDjW7l+quJuVVxVXM/EiJny1z3EzHffcs5BbOZ8+2nM8i1Rfpt4msx/TF1+P921ZpiOo9PnPXp3+6I9kv4nf+CeC/+j1j+eWeNA8SMrDydVwunFzMbIqs6KzavU2btNc2q49Zpq6n0mO/aQdPDuZavN0F7hvNq669LVTNeHmdTXcwbkR6eX3ny/8Ay9pnrOrsW6btdNqua7cVTFNUx5Zqj5TMevX6nmA0vxBqpp5fxGquumiinT6+aqqp6imPnM/RccqNXsfFe1sMXH4flW7u0s128qNtcnIq+/T96KKb3l830jy9TPXpKB5PVp7/ADPj2TVyXX4VOFocSqm/VZnLtzeomaZt1U0d+vXr1P8AS7cDlerxdzhZd/m3HrlizfouXKbXGaqK6qaaomYpq+D3TPXtPyBK4v5L13i7kbDLscQxbdrZ367mXVtbkZFPdVf3poqveWK/X1jy9R6+kMIzfL9vyPLVTVT8Wrqqme4mO59YbFseWavL3mdmY3NePW7F/IuXbdF7jNVddNNVUzEVVfB7qn19Z79Wf8gw9Nd5Dj3o5PjZtrOuzXl5GLgV2qcbuY7mLdUU9+8z1H0BCafT5+/2tjWazGryMu/V5aLdP88z8oj3mfkuvOtti6LXazhGiyKa7OpufaM3MtVf2fN69ZifpR7R/odG35doeIa3J0PAKbld2/R8LN3t2fzt6PnTa9vJT+P+ipmQNL5Rg2+fcfnm2otR+Useimje4duPWmqI9MimP72qI9fp1+EyzROcW5RsuIbu1tNZciLlP3blur1ovUT70VR84n/SnucXeEbTCxt3xyb+BscquftWpm33bsz161U1enUd+0R339KeugenLMzB1XAuO8W1ubj5dVfm2mwu49yKqPjVx5aaO4+dNMTE/se3iZ/a/wAD/wAA2/52dtRy9nwflvGuPWNtu8/U5+qwYw66acKb1FcRPpMTEgy5c+M8mw8DjW+41v7WRd1+Za+LjU26Ymuxl0/o1R3MdRPtP4Q7rOl8Mce9TXk8v2uXapmJqtWNbNuqqPpE1TPSH5/yjH5dyq9ssPD+yYdNuizj2piIq8lMdRNXXvM/t+UevQPPg/GbXK+Q/YsnKnFw7Fi5lZV6mnzVU2qI7q8sfOfaP8/smd7xjjGXxDJ5JxHL2c2cDIox8zG2VNHn6r/Rrpmj06mfl/N161fjvIM/i+6sbbW1005FruPLcp81FymY6mmqPnEwm+R8/wAne6anT4up1mn103vj3bGvs+SL1z5TVPfr18o/zR0FOAAAAAAAAAAAAAAAAAAAAAAAAAAAAAAAAAAAAAAAAAAAAAAAAAAAAAAAAAAAAAAAAAAAAAAAAAAAAAAAAAAAAAAAAAAAAAAAAAAAAAAAAAAAAAAAAAAAAAAAAAAAAAAAAAAAAAAAAAAAAAAAAAAAAAAAAAAAAAAAAAAAAAAAAAAAAAAAAAAAAAAAAAAAAAAAAAAAAAAfsR36RD8dWBeox9ji37kd27d2iuqPrETEyCQ2HHMrB2+NqKbtnJ2d6aaK8axMzVZu1T1FqqZiI88enfXcRM9d+kuTba+jV7G7h0ZuPmTb6iq7jzM0eb5xEzEd9T6d+0/Ltds/acSwvF3A3Op2GXkairKpysq/fonz0V1V1TXNMeWJ6juJj0mf1oT8i8f2fPo1Wq3UY+iuXaYt5+fPkmKPLE1TPcU+vfcR3EfL9YJXjuu1er8NN3yLda61mXMu7Rg6u3d7j85ETNdyJiYnqI69vnHXzdfAOEU7zhnJNxd0l7a37UUY2us2qqqZ+NP6VXpMelMTTP4pvxNnS7TiXBLGkrowtP8AGzMaxev9xTFFFyiibtXUd+vU1T6d+qs875Fh41vXcV4xmVVajUUTFWTar6+136vW5c7j3j5R+3r06BwU+FnOap9OM5/7aIj+lEb7i+64vesWt1gXMO5fpmu3RXVTMzTE9d9RM9JzmeoucQ5Jja2d9n5li5YtZFy5FM0VU01+vVMeeYmYj5+nq5Of8ns8r5TczcOi7b19mzbxsO1c/SotUU9RE+s+8+af2g7cbws5Hma3Fz7NWt+Dk2aL1vz59qiry1UxMdxVMdT1K58J8OMvSaze7bc4Gnzbk4v2XX2MjLsXLVd6qe+5q83UTTERPv31M9Mr45x7Y8p3ePqdXYm7kXp9Z/i26fnVVPyiGq891/ENXZ1vCsrkeZgUaW3FV23a13xYvXrlMV1XZq88e8THUfL1BS48K+S1T76r/GmP/wBdz7fw332j02RtcyrX/ZrHl88Wc23cq+9VFMdRTM/OYe8aTw+7/ty2X+J//eOHnvFrHDuUV6jHzK8yiizbufFqt+SfvU+brruflIPnhvE6OW7SMKvcYWumqum3b+PM1V3a6vamiiPWfxn0iERuddVp97sNXXci5VhZNzHm5EdRVNFU09x9O+k14bf3SuOf7/tf86HJzj+3/kf+FMr/ACtQP3jXEtnyi5kThxYs4uLT58rNyrnw7Fin61Vfj9I7lNY3h/hbLIpwtXzPRZewqny0Y8zdtRcq+VNFdVEU1TKT5TM6Hwd4lp8afJ+Vqr2xzJp9PiTExFuJ/VEx6f7GGaRMxPcekwDr2WtzdNssjX7HHrx8vHq8ly1XHrTP9P6491g1HBM3YaWnd5+fgafVV1TRayc+5NPxpj3i3TTE1Vdfq6/FZua41fKePcA3tVXeds7NWvyLs+9ddq5FFNU/WZ7lw+M2bE87r02P9zX6bHtYeLaifSimKKZn0+vc9d/hAOH+p1d2GFk5XG95rt7ONR8S7jY3nt5EU/OqLddMTVEfgpKW43ur/HeR6/b41dVFzFv01z16eanv71M/hMdxP61s8Q+JX58YNjpNLiTduZl+i7YtW49PzlMVz+qImavwiIB4+HWo1nk3HJuQYtOTptTjT+Zr9IyL9f3bdv8Alme/lPUuejgGfsrFvYWM/j2LZyqfjW8evaW6JtU1esUzFdXmjqJ69ZmV75/q9Xx/wXsaPWXqb9zX72ixn36Pa7k/Z6q6/wBkeamn8PL18mIAv2v8JN/tcn7Ng5+iyL3U1fDs7O3cq6j59UzMqZssGvWbPJwLtyzcuY92q1VXZr89FUxPUzE/OGg59dXhtwmnU2pm3yfe2YuZ1cfpYmLP6Nr8Kqvefw/ZLNaYmqYiI7mfaAfLSPDfj+nsWMnlvMLdMcfxv62tUXKJq+03q/u9U0+9XljuZ69p/VPX5q/Di3pMC1v+e351es/St4Ef995c/wB7TR70d/OZ6mPw93viZF7xg5rh6Gb9Ol1NizcjX4ti157ePTTT360909zPXrIKfyvj2Vx3dXMe/btfZ7357EvWJmqzes1etNVuqZnunr6zM/VArtx/letnXVcY5PavZ3H/AD1Ti5FERGRg1TP6dv39J/jUesf0/nJfDrN0urne67NxNvx+qYijPxq4jy9zERFdE+tNXr7evQPjhvF9TvNLv9ruc/LxMbU0Wa5+zWqblVUXKqqfaZj5xCXv+HWp2Wk1mx43uq6qc3Iu2PNtYpxqKfh0+afWJn9j08OKNfXwTnlO1u5FrBmxh/FrxqIruRHxauuomYj36+aT2Wl1+68OOKafjeXfrtZm6u2bV3Y0RamLlVMe8Ueb0/EHnxzw/wBfRq9xrN9suM0Xci1FeHsLe1t1V2L1PtTMeb9Crvqfn/J1XbHhds79cUU73jPc/wD5tbn+bt3ZPELW30ORqtXj41fJeO5M42ZTh9zTm2qq/L8SO4iZmiufLPp7TE/R2cr45a3ex2Wt1N3XY+JxDWUW8i9Nvy15VdFPVyfNTTM1T548sRPpH4dyDMKLFy5kU2LdE3LlVXkppo9ZqnvrqF58Q9foeO4mo45h4VE7zDsU1bTNpuTMTdqjzTb69p6mff366j6vjwuz+MajkF/Z8hyZx72LZm5r6q7NV23F/wBomqmmJmZjvuPb2/Us0fkbguky+XU7X+EG13tF2xhU5mB8Kn1q/O3qqaqp80d+kekdz9YmegqmJ4f273FdZvszkur11jY/Fizbyouebu3XNNUfdpn9f7XXmeGNrXXsS1m8x0NmrMsW8ixEzembluv9GqPzfz6dO/wszO8HeDzi4t6/NN7Pmr4NuavL3dj5R7Onn2r2F3bcKm1gZVcW+P4FFc02ap8tUTV3E+npMAqW04nVpOfRxjNyqbs0ZNmzdvWImI6r8szMd/SKlywvD/hedzyviFvcb2M+3du2qq6sW1Fru3TVVV97z99dUz16OHnv93zK/wAJY/8ANbXnS1cVnx/yqcezuad19ry/NXcvWpx/N8K55vuxT5uuu+vXv2BRvCvhePyS3v8AYZmpr2ePhYvkx8aL02pu5FU90xFXcddRTPf60fV4Rc6qrqmOPVURM9xTGTa6j8P0112Ot4fc8MbWFY3uZ+SNVl0fa8jCxor+2ZV2jvzdVTTPVMfdj6fsUzb8R49Twejkmi2ewyqKtnTrpt5WPTa6qm3Ncz6TPfp0Crb3Q7Lje0r1u3xvs2ZRTTVVb89NXUVR3HrTMx7IxoPjZc8/i3u4j2p+BTH/AKm2z4AABO6Xh3IuR4tzK0+pyM2zar+HXXaiJ8tXXfXv9JQS76zw95ll6jHzdfRbjDyqYu0f90bVrzRPzmmquJBZeWeGO5q0HFqdPxe9GZ9imdjNq31VN3uIjz+vv6fyq7x/gGNm6vf5nINzXo40l+1ZyInDnImKq6pp66pqie4qjr07XTlvD+UbPj/EsbXV2asnBwJs5cU7KzTNNzzd9d+ePN6fOO0Zb4/tuOeFvPMXc00RlXZ117um9Td7ib9UdzVTMx33Eghb3A+O3uJ7veabmFWy/JVFqq7Z/Jldj1uV+Wn71VX6/aJ9kNxbh1fLcbMt4GzxKNta6nH116fLXlU9TNXkqn07j06j5+vt16zPDv7k3iJ/tdd/l6lDs3Llq9Rcs110XaaoqoqomYqir5TH4gktdxrbbLklrj9rCu07K5d+DNm5TNM25+c1fSI95/BofLNRwPY5Wt1Wp5HrsO5gWqcO5ct67Iru5d2PSaqppp8tXcx6dd+/vMdRHLxvxB29mrY5u043f3l/Op+zZOfTVctXvhRR5fhRXTExR6+WZ6iJn1777iYneHfwYos7bkuNwLKxMzQ27eTj2b2fduxdrmZj+NRHUx7+0gzfm3FrfDuQVaeNnbz8i1RFV+q1bmmm3VPr5fWZ7nrqf2oTC1+bsr02cDDv5V6KZqm3YtzXVER8+o79GoZGv0/LOFct3tjiWZh7rFuY9dF25mXr9d2q9d+/V5eqYmeon5T7/LpnOsr3ev29OPq68/F2VyfgxRjTXbvVTMx93qOp9fT0BcMbiWZHhTnX6uO5M7b8rW7VFdWLX8WLM25meo6767iP3/i89ZwzUYnCsze8qjd4V6xn04kY9izRFXVVEV01TTc6/H5/Ro038fReHN3Wb7ku6p2FvZ2rOdscXLqrqxL9duqqKPf71FEREVRE+s+br2hz42t5JjcF3eJay9byPYU7izNORnXrWRauWpsRNNXd+eonqY9PePl6eoM+02q8P9zusHV2crk1N3MyLePRVXZsRTFVdUUxM/en07lVN7g2tXyHZ6+xVXXaxcu7YoqrmPNNNNc0xM/Lv0a9xjA5nRyvT15XHeK2saM2zN25Ysa+LlFMVx3NPlnzdxHt5fX6Mp5f/brvf8I5H+UqB1XOK39db47mZ13HuYu5qiq1btV1eeKIrimrzekde/Xu++farB0POtpqtbaroxMS7Fuim5XNcz1THczP4ysPIf8AwF4af73q/wD7Ds8VOY7SrlvItBTYwJxJu+Saow6Pi+WIpq788R5vl+4EP4mcfw8DxLydDx3VTat002aLOPZmu5Vcqropr/jTM9/e66j09EFyjh274flWMfdYkWa79qLluaa4qiY69Y7j5xM9TH+iWneKfOsnjvONnhaDBx8DY3LdmMraxHnyLkTao6pomfS3ER1Hp6zMd+jIcixs8vFq3OTRlX7F29NqrMueaqKrkREzE1z/ABupiQTHErPFM37Vr+SXsvCu3/LGLsbXVdvHqjv9Oj3mmfT17/d7prWeGlX8Pv4NbjOptWq8WvKtZeHNN2m5bimaqao9faYiXnr+Mce5XxrzaLMrwuQ4OPNzKws69TFvLimO6q7VfpFMxH8Wfl+qZnr4nGLxHimx5bm7DGuZ+biXdfrMO1diu5FdURTVcriP0Ypj5T9fl3HYeGu474fbPZ4mvx+S7mb2VeosW/NrqYjzVTFMdz5/buVX5VqLXH+U7PUWbtd63h5FVmm5XHU1dT13Lw0Gdb1nItZsLsTNvFy7V+qI9+qa4qnr9y9c40vGtttdzyTX81116nIqryreHVauU3qqp9fJETH1BWeOcY127wb2Rmco1mpuW7nkptZfm81cdRPmjrv0+S+a/gnH48OdzVVyTQ378ZdmKNn5LkxjxPvR35e483XyVjw31Wmz6OR5e71X5Rs63V15duz8euz3XTMenmpmPeO/queDq8bK43ZrxeBWLOq2MRfps18sm1Td8szEVTTVMd9fyA4PD3gXHr3N9fayuS6Lc2aou+bBt03Jqu/m6vbzUxHpP3vf5K9b4FpL1yZq8QeP0dz36RciI/fTC5a7SWtVnW83X8Iw8TKt9+S9a5jRTVT3ExPUxV84mYeeHxnjd3d7XQbDg1GBn42pu51u5RubuRHcUxNP6PUT79+4Mcrxo/KFWLau0XI+L8Om5E9U1evUVd/SfdqPEfD6ziZ+Xg8pjS14GZZm19so2tn4uHXHrTXRHn9fWI7jr2/bE5dh4WVscu3iYOLeycm53FFmzRNddXz9KY9Z9IX7C1FvG1mPj5vhNu8nMt09Xcn4+Tb+LP18kW+qQcdfhTv6Ipv/AGnU04Fy9Nu3l17KxFFXU+/6c/rmI7lYuYcDjabHDw+N2tBaw8LGox/tkbKzTczKopju5XTFc9evfy7+vyiLBybX4+DwnjOpp8Pdpm01UXM2vEs378/Zaq5jqmqumiZmqY77ieuulG2ejqzdVdx9Z4V7zBzapp8mV8TJveTqfX7k0RE9x6Azte/DvVai9b5JtuQYEZeu1mtmv4VVdVHd+qqmLcd0zExM9VQpeTjX8PJuY2VYuWL9qqaLlu5TNNVFUe8TE+sS2TxE8Q+Vcb2mpwdRtqsbGq1GLdmiLNuruqaZ7nuqmZ+QMXqiZ+95eqZn0+jRPEDh2NocXj2v1mnyp2c6+3e2V6iLldNVyqP0evWImOp9vrC7XLlHMNT4dbblm1sU2LFvYZuZcv1UUTeptXaOqKaY680zFMR1Hr12onJPEznNW9ycmdls9ZYyqpv42NMzRFNmqfudR846j3+fuCjZWBmYM0fa8S/j+eO6Pi25o80fh37rXxHGwMOz8XlOhvV6Da9Y1G1iiqJxa4qn71ur2mYmJ7j36j9cTO+MWXfzbHCr2Vequ37ugsXbtyue5qrqjuap/GZcO/qn+ojxGnv0nOzJ6/4X+kEHj8f0Mcp2Gr2HK8fG1+NFXwdjaxa79F+qKoiIimn1juJme/WPu/PuJSM8V4N36eI9qf8A+GyUnteHcH0FOvtbbf7e3lZWFZy/JZw6K6aYrp76780fi4d7xPjVjgX8JtDtdhlUflGMCaMqxTb+98Oa5n0mfl0Dg5lw/E4xhabNwd1G1xtparu27kYtVnqmmYj2qmZ9e5+Uez04ZxvS7jUcg2e7yM+1j6q1au9YVNFVdUV1TTMdVdRPy+cfNI8//tE8P/8AB17/ACkPbwv3WPq9TyixO8xNRnZdizRiX8nuafNFczPtTV8vw+YP3QcY4DybKysPXZvJKcmziXcmPtFmxRRMUU99d01VT/I4NLxHie8y9bgY/MMmnYZs27fwI1FVVNF2rrunz/EjuImffr5L5oeRZGJdz6t34iaTYYlzBv2qbFmJpqqrqp6p9fh0/wA6P45nUcb414d5Wp02lq3G4ycrHqz83HqrqtzF+LdM901Uz7V9T7+kAqWTxfhGFnZGJf5zkTcsXKrdXk01XlqqpmY9Ji5Pp6e6ith2FnAzeMeIGPk8f0OPnaGuxZt5Wvx66Jmqb00Vz3XVVP8AF6+XzY8AAA7tPr4225wtdORbx/tV+iz8a7PVFvzTEeafwjtwurBtY17NtW8zJqxsaqfzl6m18SaY6+VPcd/vBaf4AXKPEOriN3cYVqqmmKozq56szE2ouRPf4xMQre51lzS7zP1V6umu7h5FzHqqp9qpoqmnuPw9EvkbLU7rl1ew2Fd/G1luKKbduiiLl2u1aopooo94iKppoiJn2ie/f2Q+32V3b7rO2d6Ipu5mRcyK4j2ia6pqmI/eDhAAAAAAAAAAAAAAAAAAAAAAAAAAAAAAAAAAAAAAAAAAAAAAAAAAAAABovJLNzI8JPDyzYt13Lty7sKaKKKe6qpm9HURHzl+cq1+u4Xw/E4zfw8TI5NlVRl59+qmKq8KiYjyWqavrMR3P6/n3Ex07vaZOl8M/DrK1ubNjPx6s+5FdquPNb812Ou/1xPtPur/AB/i2fzu/sM2re6zHyaLkV369nkzbquefv70T1MT7T3+wF15nudfpvFHCubfXWc/WX9Rj4+VauURVVTbqoiJqon3prj3iY6n9Xahc14rXxPezi2732nX5FEZGDlR+jfs1etNXf1+U/j+xL+LWwwNhzafydm2syxj4djHm/Zq81FVVNPU9T7TCr5u+2Wy1Gu1eXkzdw9dFcY1E0x3RFc91evvP9HQLdmc812s4pb0HDtdd10ZVqn8p516uKsi/V160RVHtR+yO/pHr3oPiRa3lXO9jOH4b4W5sdWvLnXMC/cqu/m6e+6qa4iep+77fJ/P9umarlFMe8zENK8Z9psMbxX3Fqxn5Nq3TFjqii7VTEfmaPlAOv7Pyb/zO63/ABXk/wDaI3xu7/qm5fdPkn7Nj90/T83T6IXi2t5VzDYXcHUbG/cv2rfxq6bmbNvqjuImr1n5TMJPxky8fL8S86cbIt5FFq1ZtVXLdXmpmqm3TEx3+E+gInw2/ulcc/3/AGv+dDk5x/b/AMj/AMKZX+VqdHB9np9HyfD3G3u50U4V6i9btYmPRcm7MT7TNVdPl+X1/Y8OX5up2nJc7aam9m1283Iu5NdGXj0WptzXVNXljy11eaPX39P1AtXPqvt3hx4f7G1961Th3sSqY/i126qY6/b1P7mbLdxvlWFjaPJ43yHEvZmkv3fj0TYqiL2JeiOviW+/Se49Jpn0n9/ftjYvh7g5FOVk7bc7SzTPmjBowabE1/7Gq58Seo+sxHfQLHuMunRcB8MrWRPVy3kXthXT16xbm9FVM/tiUH4xY1WN4pbqZ9ab1du9bq+VVNVume4/m/YguV8nyuWburYZFq3YtUW6bONjW/0LFmn9Gin8I/nmfb2Tn8JtFyfSYOv5XRmY+fgWox8ba4dFN2qq1HtRdt1TT5uvlMT3/L2FNw8W7nZ2Ph2KfNev3KbVEfWqqYiI/laH4t7vJxPF3Y5Gqzb+NexaLVim9YuTRVExbp7juOvn6fscep2/EOGZH5T1lebvdzajvErycaMfHsV/380+eqquY+UekfyTFHy8u/n5t/LyblV2/fuVXbldXvVVM9zMgvlVddz/AFP9yuuqqqqrlXmqqqnuZmcb3l4+HGnw7debzDd2/Np9HTFyLc/+M5E/2O1H19epn9nfpLoqtzR/qd6ap/1zk/mj/k0x/Qk7ONpuTeFei0Wv5TqtVmYt+9kZ2Nsrk2ab12qeqavN1MelPpHv6T8ugZxu9xmcg3WXtc+58TKyrk3K6vlHftEfhEekfhCOXujwyuVXPLVzLhtNHzrncUdfzdv3ntfGtfqNHx7Q3sbYZODbrqzdpZo6i9XVV3FFNXzpp7n+T8QU7N2ObsrtF3Oy7+Tcooi3TXeuTXNNMR1Edz8o+i9+B/8AdTwP9wyP8lUzlpPgVbm54p4PXtTYvzP/AKuY/pBmz2i/epx6rFN2uLNdUV1W4qnyzVHfUzHt3Hc/vedVM0V1U1ekxPUvkGneHd7Bw/DnnuVs8O5l4cU4NFdi3e+FVX3dq9qup66nqfZZdXk63K0Ph5d1Ovu4GL/CfqLN3I+PV33T3Pm8tPv9OlZ12Hcw/BSqxHkpyeSbm3Ys+erqPh24/SmflHn9E9VaxuC6vgur32fi2svE3VWwyqLNz4s2LcTHU1eTv369P9Eg8tDVTwvlHI/EDaU3YxbexyMTBx6KvLOZcquVRX19aaKYmfp3184fVrj8aC54gxYu1ZGvzdH9twciZmfi2blcVUz3PvMesTP1hG8oy+I8izZuZ3iDsMnFtXLteLj29PVEWaa65qmmJqqjv367n6QmNNn6XL4RybB1m92mw+xaS5bs283Gos0W7fm80xT1VMzPf1+X6gZzwbV8e2u+8vJtv+TtdZo+NXPlmZvdTEfDiY9Yme/pPpErVy2eE7vb39he5pdu27dv4OHhYWpuUUWLdMdUW6aq5j0j5z179z81N4vRxSu9lTym5tKLNNuKrEa7yeaurv1pnzx17evfceyft8r4Nqqv+5fBftldP6N7a51Vzv8AXbpiKQSmx5BuNF4OcJnUbPLwZvXc6Lk416q35+rsdd9e/Xcu/nPMOSYW04dRi73YWacnRYN6/FvIqp+JcqmrzVVevrM/N4Zuy4zZ8KOIUbzX3c65N3NrpsYeZTZmx3d7+9Hln3jrpybDm/Ct9namvN4zsqKsDGs4VmqNlTEU27c/dmr7nr7+oPPnFE3f9UFet0+tVW0xqY/XPw120m147e8fMrEscduWtnGXmUznzsKqqZqi3c80/D8vUdxEx7+naArnUbX/AFR1/Y3NtgxrMa/Rm/aYyKZoufDt01RFFUT1VPmiPSPpP0cvh1VZyOc5/P8AP2mvw8LGv5V6/av3vLeqm7br8sU0zHVXc1/Xv0/V2HhxH8i/1HN5+Xvt/wBh/K1j/vDyfE83k9P0/Tp7YlzVb7iuLxPhup5FlR+W7Wdev5Vqiqm33R5Jiqq36Ux1HfrHylG8OpwN34dbvjFe41+t2F3Ns5Vidhe+FbuU0xMTHm9u3Zp+F8s0EZP5I5joMKjKpii9dsbeinzUx7esR3Hv8vUED4r5NGX4pcgu264qpjIi3Mx9aaaaZj98dKtja/NzLd25i4eRft2o7uVWrVVUUR+Mx7ey3c3w+NajTajVa3MxtpvLU13NlssW5NVqqap7iiJ9quu/f39Px6iR8NORZeh4/wAqmv7JRqb2HVRfuXZ/O1Xporps0W483r3NUzPpPUR8gZqAAn+H8dr5RyTGwJr+Fi093su/PpTZsU+tdcz8uo/lmEA0HinONBoOGZ+lzuOXc3Izrv8AXF21lTY+LajqaaKqoiZiO+/SOomP2g997ajxM3u+2OitYeJY1OLFeLhUWvJdybFE9TX6R6zEes9z3600x37vHi39xnnv+66//LS99H4m6vj27xcvTcL1eBRRXEXLk3b1+98OfSqKaqqveY7+UpLrVV+Hnibf0U1zqrmdhzjeejyTFPxu+uvlEd9R8+ugR3GtfmYPhD4gXcvEv49u79gptzdtzTFUxenuI79+u4/eifDLR2tryy3nZ33NTqKZ2GdcmPSKLf3op/HzTER19O/ojN1zfkvIsC1g7Xb5GRiWojy2fSmj0jqJmKYjuY+sv3D5dnYHDNhxnGsY9uxn3qLt/IpiYu1xT/Eme/0e4j+X6yCzanlPK+Uck20anktjQ2sm5czpov5cY1qO6qafLFXXrV15f1+WZaBxq3y2njHKozOda/Myfs1v7NkW9zFynFq8091VVfxO49O/m/nyza+Nft2vPTb89UU+evvqnufeeu56bDa4fn+Hfh7zD+EGRhWr2xsWcfFs278V13Jiv1mI/b3+/wBgd1vd8j0Phzym7n84xM7aVfZZwZxdvTkXKIi7+c8vr3HdM/uZhqOcbzTbzM3VjIt3dllW6qK8nItU3K6ZqjrzUzPrTVH4ft7VpM8Y1+BtOS4GHtM61g4Fd2PtF+7V5Ypoj1mO/lM9dR+Mgn8fPtZPhnsNLXcyL27v7ejN+B8Guquu3FuYmuauuver5z2kePX9bHhHnYm6wdxOBVt6btWXr6bVUW64txEU1eaqJjvufl17evyS/G+W2OReNWXn/abeDi5WJewsGbtfkpt0Rb8tuO/l31319ZcvG+F+IXGL2bTZ0WLl4ebj14+Tj382xNm9TMT1M/nI9Yn1ifSff27Bw8V/gVa5Nr8vV43Lc3Lw71OXRYt2LFc1fDnz+0Vd9enqqeZstbnc2ydnlY9+7q8jYV37lnuKbk2ark1THpPUVeWfr12tccVq4HoLu+2O4s4fJrGTanWYmJlW7tXpM+ea4pmfu9T9evTqf0kNy/N0HIuRYew1H9Y1bCiirYWqqPLax79U9VzTPzp/jf8Ax1AaPgbeeTazEniHhnZ2GLp+8fHv7DMi5NrufP1NHmjv1nvvuXhvP6sW6sZuNXx+zh2c2maMmjFx7NPxaZ94mqZmr9vapXvD7VWYmijxE47NP0i7X1/JEub+AWp/8vuOf8e7/wBQGkZ2n3nI8mnN33hBRnbKbdNF3Jp2848XPLEREzTFXXtDLuUc3r3WoxtBg6nE0+nxb03oxMeqa5ruddeauufWqYjuP8/p122uBauKu6fEHjtE/WLl2P8AooblHGsLj9OHOJyPW7icjz+f7FXM/B8vl683f17nr9Ug/OEcbq5by3A083KrVm7VNWRdp6ibdqmJqqnufSPSOo/GYTvC+U67i3KatZes4Gx4/ezZouZWVh01V/D9aYuR5u/LEelXXq69XGLw/wAKczc28uxc3XIZnAsU2rkVVY2PHrd769qqvSJj5d0/i4tT4YZl/VY263u21uk01+mLlGRfv03K7lM/3lFMz5p/DuJBZqcjltXP/wCC0afj/n+J5vtP5HsfD+z9/wBn78vXk8vr+v09/RTvEvkGu3/MMivUY9izrMamMfH+Bapoi5FMz3c6piP0pmZ/V0u8+JPFJ0/8C6Z29Gl+zfZI3fnpnJ8vm76mjr+xfLy99+X06U3feHN/WaW/vdZvNVt9PamIm/j34prp7nqIqt1esVfh3Mgp2Nj3czKs41ijz3r1cW7dHt5qpnqI/lbXe4jsNlx7R63c8C5Bdv6vHqsU3MXNs26aomqapnqYq+csk4xE1cs08RHcznWev+PS0Xnej4nkc73V3M51Vh5NeVXNzH/Jd658Or5x5onqf1g948NrHz8POV/4zsf9mhfFTVb2/s6eQZvHsvVYHw7OHR9pu0Vz5qaOoj7v1in6OD+D3Cv/ADj1f4mv/wCdPbvB1mF4F1W9Ru/yvY/hFTXXenGrseWfs8x5fLV6z8p7/EFA45r93st1ZscdoyatlHdVucavyV0x16z5u469J+ra+HcdytFyjWY/MuWZmRucmv8ArbTWc2u75JiJq81+fN11HXt8/wAfWGCYmZk4GVbysPIuY+RanzW7tquaaqZ+sTHs0zgmHTxHEr8R9/k2qvLbuRq8ebsXLuXkVUzTMzET3ER3Pffr69/TsKxyHl/ILnKtjft8i2N3rKr8lyi7VaiYirqJiiKpimPT0hrXN8ezsuSxqcTmmXpuS28e1VVXev12MTNmafSY8tUxbr+vXpPyj3fz1VVVXXVXVPdVU9zP4tH8cqZo8S78VR1MYlj/AJkAqHKdPttHyHKwt3cpu7GJ896uMiL01TV691VRMz3Pv6+vr+LTfEXkOo1mz1GPncUwNpe/I+LV9ov37tNXU0z93qmqI9Ov5WNVVTVPczMz7Nl8SLfDadvqaeQXN/RnU6jGjrBt2Zt+Xyz1+nVE9+4IfxHzMbP8O+A5WJgWsCxXRneTGtVVVUW+rtEek1dz69d/tce52uFyrws1+VmZdmnf6K9GF5blcRcycar1o6+c+WY6/CImfm7fEajXR4ccBq1E5dWu8udFqcuKYu/2WjvzeXuPfvrr5ILiPhtt+Za+7nYGZrbGPZu/Cu1ZV+aJtz1E9zHln09QSvi5PVPC6P73jWJ/0v8AM8N//cS4h/v7M/50Pvxgz9Zk8m1mDqs21m2NXqrGDVftTE0VV0TV31Mek+kx9X5yGiqnwS4dMx6VZmZVH6vN1/QCe5vwrc8nyNHn6uMK5j06XEs1TczrNuYrpo9Y6qqifm4t7o8zjfgfTrdlVjU5dfIoyKbdnIt3fuTjzT39yZ+cSytKaHR53JNxY1Wtot15l/zfCoruRRFXUTMx3Pp31Egt/P8A+0Tw/wD8HXv8pD14VuuR3+M7Kxh7PXYWu0eJVkebJ19q95pqrmYo81VFU9zNU9PrxSx/yVqeIaC/esV7DXa+qnKt2rkVxaqqr78szHp36f8Ax6OvUbrC8PeCYNq7j4e0v8iufH2GLNcVRGHTE000TMfo1zNVVUT7xMfgC07HI5pkanjWfx+nTURlau3eyqrtrCtzVemau6opriJ9uv0fRDaTKtcmq8L8WzkWr2dh5+Zm7C3R1HwKftFN3ur5UxMUy5uSYHF+dYulr4/yjXa2jAwacP7HurlVmumIqqqjuvqaZ/S69Erl6SMTRXNPw3M4vgW8uzFGfnVbyi9kZHp96iKvTy0d/KIjv8PWAQ2VmRh8f8Qr+zprxJ5JXZzNX8WmYjKo+PXXM0T7ekTE/thnOi02XyHeYeowaaZycu7Fujzz1TH1mfwiPWf1NZ0PEd5jcdztBsN1xLN1d+iZs2crad/Zb3yu25ppmaZ+sR13+9l2u2OVxHltvOwb1m9ka7JnyXKe5t3fLMxPXtM01R39J6n5As+38OtbZ1Gzy9BynH3OTqY82fjU4tVmaKe+pqoqmZiuIn36/wA0M+aJs/EHSRp9tj8c4tGqzNxR5M3IqyqrvVEz3VRbpmIiImf/AJe3WdgAAAAAAAAAAAAAAAAAAAAAAAAAAAAAAAAAAAAAAAAAAAAAAAAAAAAAAAAAAAAAA/YmYnuPSYel6/dybtV2/dru3Kveu5VNUz+2XkAAAAAAAAAAA+/PX5PJ5qvL335e/R8AAAA9rGTfxbvxMe9ctXOuvNbqmmf3w8QH7MzVPcz3MvwAfvfp0/AAAAAAAAAAAAAAAAAAetN+9RZrs0Xa6bVfU10RVMU1de3cPIAAAAAAAAAAAAAAAfdVdVdNMVVTMUx1Hc+0fSP3vgAfvcx6PwB9RM01RMT1MesTBVVVXVNVVU1TPvMz3L5AAAH13PliO56ie+nyAPS7duXq/NduV3KvrVMzLzAHpdvXb9UVXblddUR13VVMz19HmA/e56fgAPqaqpiImZ6j2h8gD9iZie49H4AAAAAAAAAAAAAAAAAAAAAAAAAAAAAAAAAAAAAAAAAAAAAAAAAAAAAAAAAAAAAAAAAAAAAAAAAAAAAAAAAAAAAAAAAAAAAAAAAAAAAAAAAAAAAAAAAAAAAAAAAAAAAAAAAAAAAAAAAAAAAAAAAAAAAAAAAAAAAAAAAAAAAAAAAAAAAAAAAAAAAAAAAAAAAAAAAAAAAAAAAAAAAAAAAAAAAAAAAAAAAAAAAAAAAAAAAAAAAAAAAAAAAAAAAAAAAAAAAAAAAAAAAAAAAAAAAAAAAAAAAAAAAAAAAAAAAAAAAAAAAAAAAAAAAAAAAAAAAAAAAAAAAAAAAAAAAAAAAAAAAAAAAAAAAAAAAAAAAAAAAAAAAAAAAAAAAAAAAAAAAAAAAAAAAAAAAAAAAAAAAAAAAAAAAAAAAAAAAAAAAAAAAAAAAAAAAAAAAAAAAAAAAAAAAAAAAAAAAAAAAAAAAAAAAAAAAAAAAAAAAAAAAAAAAAAAAAAAAAAAAAAAAAAAAAAAAAAAAAAAAAAAAAAAAAAAAAAAAAAAAAAAAAAAAAAAAAAAAAAAAAAAAAAAAAAAAAAAAAAAAAAAAAAAAAAAAAAAAAAAAAAAAAAAAAAAAAAAAAAAAAAAAAAAAAAAAAAAAAAAAAAAAAAAAAAAAAAAAAAAAAAAAAAAAAAAAAAAAAAAAAAAAAAAAAAAAAAAAAAAAAAAAAAAAAAAAAAAAAAAAAAAAAAAAAAAAAAAAAAAAAAAAAAAAAAAAAAAAAAAAAAAAAAAAAAAAAAAAAAAAAAAAAAAAAAAAAAAAAAAAAAAAAAAAAAAAAAAAAAAAAAAAAAAAAAAAAAAAAAAAAAAAAAAAAAAAAAAAAAAAAAAAAAAAAAAAAAAAAAAAAAAAAAAAAAAAAAAAAAAAAAAAAAAAAAAAAAAAAAAAAAAAAAAAAAAAAAAAAAAAAAAAAAAAAAAAAAAAAAAAAAAAAAAAAAAAAAAAAAAAAAAAAAAAAAAAAAAAAAAAAAAAAAAAAAAAAAAAAAAAAAAAAAAAAAAAAAAAAAAAAAAAAAAAAAAAAAAAAAAAAAAAAAAAAAAAAAAAAAAAAAAAAAAAAAAAAAAAAAAAAAAAAAAAAAAAAAAAAAAAAAAAAAAAAAAAAAAAAAAAAAAAAAAAAAAAAAAAAAAAAAAAAAAAAAAAAAAAAAAAAAAAAAAAAAAAAAAAAAAAAAAAAAAAAAAAAAAAAAAAAAAAAAAAAAAAAAAAAAAAAAAAAAAAAAAAAAAAAAAAAAAAAAAAAAAAAAAAAAAAAAAAAAAAAAAAAAAAAAAAAAAAAAAAAAAAAAAAAAAAAAAAAAAAAAAAAAAAAAAAAAAAAAAAAAAAAAAAAAAAAAAAAAAAAAAAAAAAAAAAAAAAAAAAAAAAAAAAAAAAAAAAAAAAAAAAAAAAAAAAAAAAAAAAAAAAAAAAAAAAAAAAAAAAAAAAAAAAAAAAAAAAAAAAAAAAAAAAAAAAAAAAAAAAAAAAAAAAAAAAAAAAAAAAAAAAAAAAAAAAAAAAAAAAAAAAAAAAAAAAAAAAAAAAAAAAAAAAAAAAAAAAAAAAAAAAAAAAAAAAAAAAAAAAAAAAAAAAAAAAAAAAAAAAAAAAAAAAAAAAAAAAAAAAAAAAAAAAAAAAAAAAAAAAAAAAAAAAAAAAAAAAAAAAAAAAAAAAAAAAAAAAAAAAAAAAAAAAAAAAAAAAAAAAAAAAAAAAAAAAAAAAAAAAAAAAAAAAAAAAAAAAAAAAAAAAAAAAAAAAAAAAAAAAAAAAAAAAAAAAAAAAAAAAAAAAAAAAAAAAAAAAAAAAAAAAAAAAAAAAAAAAAAAAAAAAAAAAAAAAAAAAAAAAAAAAAAAAAAAAAAAAAAAAAAAAAAAAAAAAAAAAAAAAAAAAAAAAAAAAAAAAAAAAAAAAAAAAAAAAAAAAAAAAAAAAAAAAAAAAAAAAAAAAAAAAAAAAAAAAAAAAAAAAAAAAAAAAAAAAAAAAAAAAAAAAAAAAAAAAAAAAAAAAAAAAAAAAAAAAAAAAAAAAAAAAAAAAAAAAAAAAAAAAAAAAAAAAAAAAAAAAAAAAAAAAAAAAAAAAAAAAAAAAAAAAAAAAAAAAAAAAAAAAAAAAAAAAAAAAAAAAAAAAAAAAAAAAAAAAAAAAAAAAAAAAAAAAAAAAAAAAAAAAAAAAAAAAAAAAAAAAAAAAAAAAAAAAAAAAAAAAAAAAAAAAAAAAAAAAAAAAAAAAAAAAAAAAAAAAAAAAAAAAAAAAAAAAAAAAAAAAAAAAAAAAAAAAAAAAAAAAAAAAAAAAAAAAAAAAAAAAAAAAAAAAAAAAAAAAAAAAAAAAAAAAAAAAAAAAAAAAAAAAAAAAAAAAAAAAAAAAAAAAAAAAAAAAAAAAAAAAAAAAAAAAAAAAAAAAAAAAAAAAAAAAAAAAAAAAAAAAAAAAAAAAAAAAAAAAAAAAAAAAAAAAAAAAAAAAAAAAAAAAAAAAAAAAAAAAAAAAAAAAAAAAAAAAAAAAAAAAAAAAAAAAAAAAAAAAAAAAAAAAAAAAAAAAAAAAAAAAAAAAAAAAAAAAAAAAAAAAAAAAAAAAAAAAAAAAAAAAAAAAAAAAAAAAAAAAAAAAAAAAAAAAAAAAAAAAAAAAAAAAAAAA/QFAAAAAAAAAAAAAAAAAAAAAAAAAAAAAAAAAAAAAAAAAAAAAAAAAAAAAAAAAAAAAAAAAAAAAAAAAAAAAAAAAAAAAAAAAAAAAAAAAAAAAAAAAAAAAAAAAAAAAAAAAAAAAAAAAAAAAAAAAAAAAAH//Z\" style=\"max-width:100%;\"><br></p>','科技','a',NULL),(25,'','','','','','2018-11-19 00:00:00','','','','','','<p>请编辑您想发表的新闻<img src=\"data:image/png;base64,iVBORw0KGgoAAAANSUhEUgAAA4QAAAH0CAYAAABl8+PTAAAd+klEQVR4nO3d21bbSLeA0f1wYIxtDBhbPp8lv/8brH2R9N+d7oDLnCJY82LeZThCLjTqQ1LV/51OpwAAACCf//vTBwAAAMCfIQgBAACSEoQAAABJCUIAAICkBCEAAEBSghAAACApQQgAAJCUIAQAAEhKEAIAACQlCAEAAJIShAAAAEkJQgAAgKQEIQAAQFKCEAAAIClBCAAAkJQgBAAASEoQAgAAJCUIAQAAkhKEAAAASQlCAACApAQhAABAUoIQAAAgKUEIAACQlCAEAABIShACAAAkJQgBAACSEoQAAABJCUIAAICkBCEAAEBSghAAACApQQgAAJCUIAQAAEhKEAIAACQlCAEAAJIShAAAAEkJQgAAgKQEIQAAQFKCEAAAIClBCAAAkJQgBAAASEoQAgAAJCUIAQAAkhKEAAAASQlCAACApAQhAABAUoIQAAAgKUEIAACQlCAEAABIShACAAAkJQgBAACSEoQAAABJCUIAAICkBCEAAEBSghAAACApQQgAAJCUIAQAAEhKEAIAACQlCAEAAJIShAAAAEkJQgAAgKQEIQAAQFKCEAAAIClBCAAAkJQgBAAASEoQAgAAJCUIAQAAkhKEAAAASQlCAACApAQhAABAUoIQAAAgKUEIAACQlCAEAABIShACAAAkJQgBAACSEoQAAABJCUIAAICkBCEAAEBSghAAACApQQgAAJCUIAQAAEhKEAIAACQlCAEAAJIShAAAAEkJQgAAgKQEIQAAQFKCEAAAIClBCAAAkJQgBAAASEoQAgAAJCUIAQAAkhKEAAAASQlCAACApAQhAABAUoIQAAAgKUEIAACQlCAEAABIShACAAAkJQgBAACSEoQAAABJCUIAAICkBCEAAEBSghAAACApQQgAAJCUIAQAAEhKEAIAACQlCAEAAJIShAAAAEkJQgAAgKQEIQAAQFKCEAAAIClBCAAAkJQgBAAASEoQAgAAJCUIAQAAkhKEAAAASQlCAACApAQhAABAUoIQAAAgKUEIAACQlCAEAABIShACAAAkJQgBAACSEoQAAABJCUIAAICkBCEAAEBSghAAACApQQgAAJCUIAQAAEhKEAIAACQlCAEAAJIShAAAAEkJQgAAgKQEIQAAQFKCEAAAIClBCAAAkJQgBAAASEoQAgAAJCUIAQAAkhKEAAAASQlCAACApAQhAABAUoIQAAAgKUEIAACQlCAEAABIShACAAAkJQgBAACSEoQAAABJCUIAAICkBCEAAEBSghAAACApQQgAAJCUIAQAAEhKEAIAACQlCAEAAJIShAAAAEkJQgAAgKQEIQAAQFKCEAAAIClBCAAAkJQgBAAASEoQAgAAJCUIAQAAkhKEAAAASQlCAACApAQhAABAUoIQAAAgKUEIAACQlCAEAABIShACAAAkJQgBAACSEoQAAABJCUIAAICkBCEAAEBSghAAACApQQgAAJCUIAQAAEhKEAIAACQlCAEAAJIShAAAAEkJQgAAgKQEIQAAQFKCEAAAIClBCAAAkJQgBAAASEoQAgAAJCUIAQAAkhKEAAAASQlCAACApAQhAABAUoIQAAAgKUEIAACQlCAEAABIShACAAAkJQgBAACSEoQAAABJCUIAAICkBCEAAEBSghAAACApQQgAAJCUIAQAAEhKEAIAACQlCAEAAJIShAAAAEkJQgAAgKQEIQAAQFKCEAAAIClBCAAAkJQgBAAASEoQAgAAJCUIAQAAkhKEAAAASQlCAACApAQhAABAUoIQAAAgKUEIAACQlCAEAABIShACAAAkJQgBAACSEoQAAABJCUIAAICkBCEAAEBSghAAACApQQgAr9LEvrqNq6urs/rzYwuO9/PVq2FcF5yf7ngXzSd+lrEA8DdBCLyoOR5it17FYjGLaVVFNZnEeDKOqqpiOp3GbD6P5Wodm90+Dsfmjx8vfB4RcI4gNBaA9hOEwL/UsV/PYvJ4F72b85Ob/+pEtzeI4cNTTKbzWG0OUTd/+meCjyACzhGExgLQfoIQ+KmJw3Icw+71KyKwIBIHwxgvD39gogYfRQScIwiNBaD9BCEQp3oXs/vuB4Tgr25GW0HINyICzhGExgLQfoIQsqs3Me59xF1BQch3JwLOEYTGAtB+ghAyaw4xG3Y+JQYFId+PCDhHEBoLQPsJQkiricP8rmiCJQjhd0TAOe8ahOvHuO10ovOim+hXghDgEoIQsqo3MXrVKqKCEH4QAee0+66esQBwOglCSKteP0SnOOZuov/wFNP5KtbbfRyOddT1D8fDPnbbdawWs6jGjzEc9OJGEJKCCDhHEBoLQPsJQkipic3jTdHk5XowidXFG84fY7eaRzW6j/4/7kIKQr4XEXCOIDQWgPYThJBRs4+qV3BnsDOM5fGt/9+Pje7Hw370nz4gCJs69ttNrBbzmFVVVNU4JuNJVFUV09k8lutN7I/1HznP9WEXm9UyFvNpTKtJTMaTn8c2jdl8Ecv1NnaHjzu2pj7EbrOO5WIe02kVk8kkxpNxVFUV1Wwei9U6Nvtj1H96PP7znB13sV7NY/bX8VZVTGeLWG32cWw+9v8+7jc/7nRXVUwm45hU05gtVrHZP/cdfdUIaP4em7NZTKsqJuNJjMeTmEyqqKpZzGaLWK43sd0d3nTev2oQfpmx0OLrH/B1CELIqNnEY8H7g9fDVati4S/NYR2zyWPc9cpXSL2+6cf9aBrLXf1xE896H6vZOB7venFzXfo47lVcXd9Eb/AQT9XihQlniSaOu2VMRw8x6F6ylchN9O4eYzxbx75+/c//+sn/MTbzcQzPfp830b8fx3L3jhPceheLyUMMzv0+dHrxMF7E7pfz84WCsKlju5zG6L4f3UvG5v9+/m70Bvfx+FTFbLku/kPGl1pl9IuMhdZe/4AvSxBCRvUqhgWTws7DulVBWO8WMR7evnll1Ju7cSzeMSqawyamj4ML3sl82WB2uHDS1sRhPYvH/ntsIdKN4X8mu4Xfz8UT9ibqTRX33UuPsRN3k7eOzTr2i1EMOhf+351+jBZ/H3/7g7CJ/fIp7i4+xwW/Rw+bs9/B1wjCrzEW2nr9A74+QQgZ1asYlkwebqvY/+ljPZ3idDrEanz3bsH1w00Mp+cntC87xmZ6H7fvPNG+rfblE9p6F7OH3rtP9q86gxivDhedj8sm7HXsqrd9p93Ra+9gH2Mz6b9pYt17WsWx9UF4iNXTB4yNn66H56O8/UH4FcZCW69/wHchCCGjZhOPhX8NH0y2f3bSUG+iunuPO1+/d/u4jMOrzuEuZvfdjzmmwiBsDqsY3X7MefmhE8Pprvj7L5+wr2M96b3DHpjXMZxfeje1ju3kfSLp9mkVm9YGYRO7Sf8Dx8Z3CMIvMBbaev0DvhVBCBk1h5iWLCrzU6f/EJPFJg5veL/sVeptVINL3oV7ne7jKo4Xnb9dTD/wuIqC8LiK0Qc8Bvhf13FXGIWlE/brbtkKt0U697G6YOGjw+rh2W1RXnNuurdl4+Czg7DZV9H74LHx1YOw9WOhrdc/4NsRhJBSE5vRaybl13HTu4uH0Tim82VsdscPXKDgGKvHj7kD97uf6262v+C43jFofuNsEDb7Dw3S/+rGaHP+naPSCft7600LH7E9LuP+0vfE3snnBmEd29HH/+586SBs/Vho6/UP+I4EISRVbx7f6Z2UTnR7d/HwNInZchP7+tI9C585vtVD+fF1BvFQLX9dobM+xHZZxWO/MJyuBzE7nD/24/KC4/rHhOumfxcPo6efy/pXMX4axePDXfRu/nt8LwdhE/vZ4LLwuu7G4H4UT3/936PHghU9/6U7is2ZO8RvC8Lr6Nx0o3vzisfjetM4nN0aoY7NxZHUidvBfTw8jmI0eoyH4StX6Lz65CBsdjEpeZT4ZhhPs1Vs9//6w07TRF0fYrdZxWJWxdPjMPq/WbX26wZh+8dCW69/wPckCCGtwr0IL3Yd3cH927YwaDbxVPg4ZGdQvRwqzSGWo7J3ezoPZxYpqTcxKtiu45+TyMFoFpvjyxOt5rCJ+fg+ej/vWLwYhPXqgjsb19EbPbdiaBPHzTSGF/w85+7EvSoIb+5ivNj++jhyvY/VZBjd4s8ZxOJwZkwdF3F3wXF1H2ax/d0fN+pDrCaXL/DxqUFYL8+vInzzEKsLfz/rwzaWs3Hc/1zN9ssGYdvHQluvf8C3JQghsXrz9O4rZP6qG8OneWwvnXguC8Oi+3T2rtXpdIpTc4hZ0SOW/Rf/Sn5c3JX/7Nf9GK8vfKS22cdych/3z2470cRhVr5QSG98fkGg5rCIYWlg3oxi+8KduIuDsDd+4ftr4jAv/bxOPG5eiu7LztvtaH32narDYnhRCHxqEB5m0T87+X/bth31fh2LglVo2xeE7R8Lbb3+Ad+XIITU6tjPLpvMvMp1P0bL0tUgj7G4K5m83MTDunwvrXrzWLSARH/63HEeYjYo/Zlv4mH1AQHQHGLaLzyG3jh2Zx+j/OFQOgG9unkxvC4Kws7w/F29ehfjwjslg8VLY+EQ89Lvrjsu/APGIZbD8sdb2xaEV4P5p6wu2b4gbPtYaOv1D/jOBCGk18R+/nDB43mv1YnBtGCxh3pZtkfiTeFfx//3ueuyRy0Hi9/fEbjgMbPO8INW7TvOY1B0DNcxWFwQIBc8otZ92j77HV4ShL2irTXqWN2XTbRf/LzSMXV1Ff1Z+d6L9fap+Pfmsx8ZPT9Wr6M/XsTuzOPMb9W6IGz7WGjr9Q/41gQhEKfTKer9IsaDj1098+rqJh6WL0+Mm+2o6C/Z1/eXPvK2i6pkoY3OQ6x/M9FqihfhuYnR9mMm2fW6dKGJQcwv2IrholVn+8/fWSoPwn7Mz90d/Gk3KXv/6XbyfAQ023HhZL0fs8LjOp1OcWq2xVt/fO6iMtviwL+6uoqb234M7x/jaVzFbL6K9Wb/blvMtC0I2z4W2nr9A743QQj8QxOHzTye7nsf9xjpzeOLE47D/GM30z6vF9PfvEdzmBVuYN15vOwv9xcofvfptvxx0b8Uvx/Zff49wuIg7FWxL/6Zy877SxFQr+7Kjuvm/EqqvzrGsvDxw8/edmLzHlujdLrRv3uI0WQWy80+6gvH1CVj4rOCsO1joa3XP+B7E4TA79X72CyqeHq4i947b4Def2HRlN34s/bees7Nb/bca2L7VHhcL9xBe5sLzs1gcfGCIc12VHjnZPjs6pTFG9MPy1czLJ0gvxQBxTHfn1343dWxLbyz+tkb09fFd8IucH0bw1EVq90F7661LAjbPRbaev0DvjtBCBRp6l1slrOonh5iOOi+7Q7is5OtJjaPr9iH7l11frNYQ1N+x+WC2LlM+TFcElz/+353k8KAGMTimcdRSyfsN6NN8fEdF4Oin/mlCNhXZY+dXg2WF5+3XeFnf3YQnk51rD9sc/pO9EeLom1l2haE7R4Lbb3+Ad+dIARep6ljv1lENfp7/7xi18/dZapj8/CnJ0TXcb/6TRAWHlfn4nd7SpUfQ8n+cP+xn0Sv6Pz03xyEJZP//33mOwRh6UT9anB5SJcGxucH4SlO9T7m9x93x6lzN439mcdI2xaE7R4Lbb3+Ad+dIATerjnEurpkg+bbqHa/+6wL7sR94IRo+Jsg3Jbebbm7/M5Cmab4kbTX3KVsdqWPGA5i8cZHRi8KwuVbg7CJw7TwMcGLV1gsf8TvjwTh6RSnUx3b2WMMLv2jTaFe9fJ32a4gbPtYaOv1D/juBCHwTurYVYWTraubGG1/N+lowzs0v58Q7Ut/ttsqdh90jveFK25e9WZxuHABkHp9Xxb0nftnFwVqZxCWP3Z6dVu+2M1fY35deEfnzwXhT80xtosqRsNe0SqWxTrDWL2wom27grDtY6G91z/gexOEwPs5zM9viH11FS9tcH5YlC0iclvtP/Vnq5eFq3BevOVDueKVQC9eOr6Jfemdk+7k2eBtaxAWb9fRuX92wZzfag4x7ZVNtP94EP5y3HUctqtYzKp4Gj3EcNCLXrdTvIfkJQHRtiBs+1ho6/UP+N4EISTVNB+wtHi9joeiR9O6Md79/v+vC/fh+rjFW56xn8Rt4ST5+VVU3/id7UqPoRtPF+2FeIhF4ZL5L72f2NYgbA6zwvcjb2L0zB8qfuu4iLvrt0dAm9SHXWxWs6hGd3Fb+LN1n7YvbPPQriBs+1ho7fUP+NYEIaRUx/r+NnoPk1hesIT8WcdFDIomW72Y7p+ZbNWrGJZMrDr3Lz6q9u6aTYxuyiZ85/ZafLV6E4+F74JdspJnc5gV3tm9isH88OzntDUIT/U2ngq/u85D6YI8Tfm+kGcioK2a/awocl5a1bZtQdj6sdDW6x/wrQlCSKmO9fD67wnU3VPM1rs3/sW5icO0cFJ0/fx7aKfTMRZ312UTq2r3buekOaxjVi1fePeuic0Fy/h3hq/cj7DexebZSC9/T+nqqh/VM3dh/32+lxd85uzw/Ge1NghPdayLl/O/jUnJeTsuC++GF0RAa9WxHBb8Lr6wRUPrgrD1Y6Gt1z/gOxOEkNKvQfg/nV4MR1UsN5c+8tjEfvFY/EjlVe/lTZ+Py8IFTq76MXnjJsr1fhXVQ+/H/9cdx+6lCdG+Knzc7IfOXRXrQ+FjZ80xNvOnGHSuolftn38Eb/dUvuF49zEWL/7/dWyrQfG7Y53h8sWVF9sbhKdoNo/li6l07mP+3B3s0ylOx01M+mWT9rIIeG9NbKtRjOebN07wj0WPEl/ffaE7hF9gLLT2+gd8W4IQUnomCH+ZCHWjPxzFuJrFYrWJ7f4Qdd1E05zidGqiqY+x361jMR3Hff+yvbNeCp7T6RSnehfjbuHnXfditDjzef/SHHexmj3FQ/9fS7yfnRAdY3XxPmHdGIyqWGx2caj/MbFs6h/vay1mMRkNf3lf6/al89Mciu8g/Dg/t3FfLWKzr//+zPoYu/Usnu4uWeL+9tn3Pv/S5iA8nfZRFS768df3djeaxXK7j2NdR1Mf47Bbx6J6jP4rtnD43CCsY/XX7/f1bQxHVSw2+zheuvLspuyPDzdP2y8VhK0fC629/gHflSCElAqC8MMMYlZw1+y4erhoefzr3jBG00Wsf4ZXczrFqT7G8bCL3XYTq8U0xqOHuOt1n59UlkyIjosYftCebn95MQhPpzjtquJ3/t7LzeP596naHYQ/xlT5Xpnv648F4S9uoje8j9G4itliFZvtLg6H448/9JxOcTo1UR/2sV3No3rsF56r6xguv84qo19lLLT2+gd8S4IQUvpzQdgtXuzkGOsL3tl7F4UTonrzVP547CucDcJTE4f58PMmtLfj2BQsktP2IDydjrEYXnqH9320Iwg/wJnFTdoahO0fC+29/gHfjyCElP5QEHZHl62+We9ieveJk7biCVETh+Vj+bt8FzofhD++w90F7/+9/pw8xLLwPcj2B+EpTsd1jEofxzvn5iGqp9uif/tdg7A3efm8tzcIv8BYaO31D/huBCGk9AeCsDOM2UuLMzyn2cXs4ZP+Un7hhKjeVDEs3YriAmVBeIrTqYn97OHDwvS6P471BUvbf4kgPP3YZuP+rd9bZxizXR37Km8QdgbT2J/5fWl1EH6FsdDi6x/wfQhCSKmO3bj0HaG3u+6Pzqx2ef54Nx8YPv/Tq2J/6bHV25iNBu96LsuD8Id6t4jRhQv7vKwb99XlK1R+lSA8nU5xOixj1HtlNN3+tXprkzYIb4bT2H7yY8QfMb6+xlho8fUP+BYEIWRWH2KzqGI07F+0gEGxm348zt669P0/HDcxGw3ed2LU6cXwcRLz9S7qNxxnfVjH7GkYvbcsOHPdjf79U8yf3YfwJU3s17MY3b2waMTZc9GP+/E8NvXr4v1LBeHpFKfmEKvJryu8vqwbd+PlP+6KtTUIm9hV99HvfkAU3tzFaF6+Z+mXCMKvMhZafP0DvjZBCPxUx2G3ikU1jtFwEL3XTiY7vbh7GMdstbt4mfti9SE28x8h270wwDrdXgzuRzGeLWO9O14+cTyricNuFbNqHI/3w+j3buOm8+9zeR2dzk3c9gcxvH+McTWP1ebwbhOypt7/3M7iIYaDXtzedP47kb6+iW6vH4P7x3iqZrHaXrr35G/+3+M21qtVrM7Y7MuDtzluzn7epZ/53/G0j/VsEo/DQdzedH79nm5uoz98jMlsFbvf3RFr6qjrAn9ost0cd7FezqJ6GsX94PLflx+/M/0YPo5jtt4Xh+Df56d5t/PzEePrS46FVl//gK9IEAIvqON42MVmtYjFfBbTaRVVNYnxeBxP46cYjycxqWYxWyxjtdnGvn7bJsmv1Rz3sd2sY7mYx2w2jel0GtPpLGazeSyWq1itN7E7HC+fzMJ31Pz4vd5uVrFcLGI+n8VsWsW0mkY1ncZsPo/Fch2b7T4OlywCxR/h+ge8lSAEAABIShACAAAkJQgBAACSEoQAAABJCUIAAICkBCEAAEBSghAAACApQQgAAJCUIAQAAEhKEAIAACQlCAEAAJIShAAAAEkJQgAAgKQEIQAAQFKCEAAAIClBCAAAkJQgBAAASEoQAgAAJCUIAQAAkhKEAAAASQlCAACApAQhAABAUoIQAAAgKUEIAACQlCAEAABIShACAAAkJQgBAACSEoQAAABJCUIAAICkBCEAAEBSghAAACApQQgAAJCUIAQAAEhKEAIAACQlCAEAAJIShAAAAEkJQgAAgKQEIQAAQFKCEAAAIClBCAAAkJQgBAAASEoQAgAAJCUIAQAAkhKEAAAASQlCAACApAQhAABAUoIQAAAgKUEIAACQlCAEAABIShACAAAkJQgBAACSEoQAAABJCUIAAICkBCEAAEBSghAAACApQQgAAJCUIAQAAEhKEAIAACQlCAEAAJIShAAAAEkJQgAAgKQEIQAAQFKCEAAAIClBCAAAkJQgBAAASEoQAgAAJCUIAQAAkhKEAAAASQlCAACApAQhAABAUoIQAAAgKUEIAACQlCAEAABIShACAAAkJQgBAACSEoQAAABJCUIAAICkBCEAAEBSghAAACApQQgAAJCUIAQAAEhKEAIAACQlCAEAAJIShAAAAEkJQgAAgKQEIQAAQFKCEAAAIClBCAAAkJQgBAAASEoQAgAAJCUIAQAAkhKEAAAASQlCAACApAQhAABAUoIQAAAgKUEIAACQlCAEAABIShACAAAkJQgBAACSEoQAAABJCUIAAICkBCEAAEBSghAAACApQQgAAJCUIAQAAEhKEAIAACQlCAEAAJIShAAAAEkJQgAAgKQEIQAAQFKCEAAAIClBCAAAkJQgBAAASEoQAgAAJCUIAQAAkhKEAAAASQlCAACApAQhAABAUoIQAAAgKUEIAACQlCAEAABIShACAAAkJQgBAACSEoQAAABJCUIAAICkBCEAAEBSghAAACApQQgAAJCUIAQAAEhKEAIAACQlCAEAAJIShAAAAEkJQgAAgKQEIQAAQFKCEAAAIClBCAAAkJQgBAAASEoQAgAAJCUIAQAAkhKEAAAASQlCAACApAQhAABAUoIQAAAgKUEIAACQlCAEAABIShACAAAkJQgBAACSEoQAAABJCUIAAICkBCEAAEBSghAAACApQQgAAJCUIAQAAEhKEAIAACQlCAEAAJIShAAAAEkJQgAAgKQEIQAAQFKCEAAAIClBCAAAkJQgBAAASEoQAgAAJCUIAQAAkhKEAAAASQlCAACApAQhAABAUoIQAAAgKUEIAACQlCAEAABIShACAAAkJQgBAACSEoQAAABJCUIAAICkBCEAAEBSghAAACApQQgAAJCUIAQAAEhKEAIAACQlCAEAAJIShAAAAEkJQgAAgKQEIQAAQFKCEAAAIClBCAAAkJQgBAAASEoQAgAAJCUIAQAAkhKEAAAASQlCAACApAQhAABAUoIQAAAgKUEIAACQlCAEAABIShACAAAkJQgBAACSEoQAAABJCUIAAICkBCEAAEBSghAAACApQQgAAJCUIAQAAEhKEAIAACQlCAEAAJIShAAAAEkJQgAAgKQEIQAAQFKCEAAAIClBCAAAkJQgBAAASEoQAgAAJCUIAQAAkhKEAAAASQlCAACApAQhAABAUoIQAAAgKUEIAACQlCAEAABIShACAAAkJQgBAACSEoQAAABJCUIAAICkBCEAAEBSghAAACApQQgAAJCUIAQAAEhKEAIAACQlCAEAAJIShAAAAEkJQgAAgKQEIQAAQFKCEAAAIClBCAAAkJQgBAAASOr/ASPb6hHzKqJnAAAAAElFTkSuQmCC\" style=\"max-width: 100%;\"></p>','科技','a',NULL),(26,'dsa啊','十大','sdsa','十大','','2018-11-19 00:00:00','1542601729028_slide1.png','','','','','<p>请编辑您想发表的新闻欠我的钱</p>','科技',NULL,'ZY_TPLB'),(27,'p','d\'d','e\'de','de','小明','2018-11-19 00:00:00','1542601991837_2.jpg','','','','','<p>请编辑您想发表的新闻；；；；；；；；</p><p style=\"text-align: center;\"><img src=\"data:image/jpeg;base64,/9j/4AAQSkZJRgABAQEASABIAAD/2wBDAA0JCgsKCA0LCgsODg0PEyAVExISEyccHhcgLikxMC4pLSwzOko+MzZGNywtQFdBRkxOUlNSMj5aYVpQYEpRUk//2wBDAQ4ODhMREyYVFSZPNS01T09PT09PT09PT09PT09PT09PT09PT09PT09PT09PT09PT09PT09PT09PT09PT09PT0//wAARCAEZAfQDASIAAhEBAxEB/8QAGwAAAgMBAQEAAAAAAAAAAAAAAgQBAwUABgf/xAA9EAEAAQMCBAQDBQcEAQUBAQABAgADEQQhBTFBURJhcZETIoEyobHB0QYUIyQzUnI0QmLhFSVDU5LwgpP/xAAZAQADAQEBAAAAAAAAAAAAAAAAAQIDBAX/xAAnEQACAgMAAgICAgMBAQAAAAAAAQIRAyExBBJBUSIyE2EUQnEjM//aAAwDAQACEQMRAD8A87O1ct9MneubcpGQFrQhK3KASMOOtUXIhNLby6dGpLoSlBH7NTbkxQTHnTKRlsmE6UP7vKVtlEyDuU7Eauh4lC5bjptcrE/p3j7UH17VqxuMLxa1AMZgQuDmMzz868iLHbG34Vp6DiPw7fwNQfE07zF3j5j0oLjKj1eitmntRhbMRF2+taUElHJ9Ss7QtuWmttm58SONpdX186dhmLkd6Q30o4tiHDb7g+zivHWtI6idxi4Y7ma9hxqRLhlzGyoJ9a8/oLQtzDiT07lOvxsIblTGuBBK3eVUUMPLON6tv2/3ebnLB5PbyqeCWcaK8JyuI457HMrSu2o3LaO4nOpap0N7MwkO4S9qkTs+1WQsTt2xZMhXDjGKsI0hFGQ6S9mu8Q9J/wD1av8AD5V3hoAp8ceWJezXeKL0l7NX+GpI0AL+I7Ps1PjO0vZpgjRETNAjPvu0Zg5i55PLrVpdEHEvZp1tEoohhMUtbv3LUSDZz4ds4d6dWGgfinn9RqPjR6oVeauRz077P6URq3xq6dxjGMP6U6FaKPix/uPeiJi4EXy3pg1tvrpX2f0oo62yP+mR8j/qih2hVmcsnvXeMzzPem3VaZ56Z9v+q5v6R56d9ikAp4zue9d4zue9MtzQvOzj6FQy0D/7R7H60AI2JeK9deyH3Vf4qm1b0T4m5B3kpjoe9XEOH4wCe/60UBUSqfFVxDRdGR70Xw9G8pyPeigso8RUkir/AIekY4J48980PwtNna8+9OhWVeIriVWtmx0vffQtm10vfeUw0AuaG5MhFXn086JtQHBec4zzKpbfxLqE1IcnbnSCyYDGO7ld31qc1zamf736hUMLh/uPagZzQvpU+G4HOL9GoSfaPu0AC0LRpPrE96FJ/wBn30AAuKBlgopsj/Y+9UzZHODj1KBks3pV1mwzSV02NwfxaouXLeksfvGp5/7IHNaHhOou62F+d1d5gRO2NilQWrNeMcBWTxOEv3qDEFJ5B74rYhFhDMt5JnBy+lZfGLsLV6OV8UpCBzxjek1ovG0pWzL4jL93xIWarlXv+VaX7Jyzpb44MTF9qzeLkS3bAwLkHsG9Ofss/JqI9MxfxoitWPPJuVfB6Kdxdo7H40IVwUrr+I6fh9vN1zcTaBzf0KsyPJWuG3tVq70hLViFx8d2WwGfvaa4jx6Ntlb4flkmJ303dsbHQ2pDifFNRrZeGYQsjktx2D9WsucpycAh5UEt/QU7rOTJVkuVXK0BFVXBHu0IYM537UYbjN254KCekmDIBju0E3oD5tHsqg4zmjhAR8Rs8mkPorheddTTaj3a6gVGjKEwyxarcjsI00ycpUIS5m9BdCcos3Ls9EpnSLG2k++zQeHxTlHt3q+zFjFJBu96ABvaWNz5o4H8aSnblbk5jv1HrWkEo4Qydq6Vsuxwm/ftRYNWV8M4ld0N0lbMxX54Ls/917XQauzrrBcsyHvF5j514K9YnCWeXZKu0Wtv6S8XbMvDI5nRPPuUxX8HseM27k9Eloy5HHcKxNATJzUc+FQDnWrpuK2+IaYYRPix3uWx3x3O9TOBKzclYMzbbEx1y7586L+C462g+DwY6EXmzV860CAx2NmqOERJcPiIkhcnUc02wYycbxfuolt2JC8bY2wTJilblttzx0eTWkRxEPKq7tslFEqAsRCuwUM34U2NzIdHHOo+NDHP7mgYeK7FB8WHf7q74sO/3NAFhRFVfEi9X2akuHn7UCLhqqRhUF36VxcOz7VaIQZrgxlapEyV0kUkzH2J+1WqHOMu+xUQ1NlY5WPifl8WDPmVdb1GnmGL0HLg+Y3aumS006YIxYssIDjcq2xEuSUzgzzMcqONyy5xdg45/MbUzagSRER5J1pNAulDGMUyhmoCCL4jBz8qbnGBJEHAKvQaqncsxWOOmXbn5VFo1UW+FL8Pf5o7edcRtrgYr2oi5p5Y2BcbMe+P1KknpyZhiK4Nuux+Z70Wg9ZfQDZgv2T2qPg21wxh7FNMN6j4EFViK9aXySLfu9pPsQ9iu/dbT/7cPYposQ8PhI7bbelS6eHb76QCbpLX/wAcfaq3SW/7ArQ+GRMBtVVy0SwI7OTDiqiFiLpbf9r7tC6aB0fdppsQdxXps1W2AftS96rQCzp4+fu10LRCXiM5xgy1c2cI+OWyOFqJmMUMAEKFCpWuzUtjBShY+VWc6igCtjUMSrUoJIUAVTAOW9DKyQC5KIoKD5Gaas2FSczfodqPUW823bon3NC6B5Euz1uuLmocm6ByA5BWp+zpiGpD+8/OszR6W9euPwRPDjL2y7V6PhfDZ6K7ftMyZLwyJYxtublU1THf4jlu3OUly4zu/pXnf2jinFHC7QjivVZIHhi5Tq15zjcP/UGWMrABenPekLphai5cuz8V2TJABehWx+zDh1OdgBy8utKw0AWzUaufwbHRT5p+QfnVOr4gStfA00Szpz/aO8vNetAn9s1+J8cjaG1o0nM2bnMPTvXl9RfnduMpyZzd1XNQrNwZDt1a6dtjHYFz9CgTdlDBcyX6/pUkV6YPvqwtuPEqpReBOfrTsRROMBx4HHeoIwTDHcadI5PPFCxjvlM0goXhGygo5o/4XLKVaxj5UDGPYoCgSNp38TXVbbgeHkc66gBh5ue9dXqOI/szGS3NDPDz+HJ2+jXmrtq9Yvys6izK3KLykc/1oKRRbz8WT501DkVRawyk+dM2zY86BokK5ijk2fxqwiJRlvPKgCnBIRPUaWvafApufeU9K3jnslBuOE+tAqMyF69prpO3mKOSUdka9NwrikNZiMgt6nrHkXfM7NYl/TkhYYz1KViNuQORHI53Gjok2mfQ7Dm2SiJlXCYRpqMiUXOyFeb4NxskR0+tkZ5QuLz8n9a9Am2Tl3oKssDYoZRyVbihSkAhq7TO2sNpG5+lIFxwZEeo9K0OI27srI2LhC5FEzyfJ9az7dyOtsymQYXrbi5beY0mCO8eetT4qpJDyRqRaBlviqfFVOWiJUCLSVNtou6dtqhOOFOe9IZrUsMZW4sUcAOOlVEmTapoUu8Jt35xZ3bgRIhHbBg2xUvCrJOBCLgtkHYRDc+taQVZErT2aM2rdszYcND4TFuR8FvwoBiW64fOtTRWizp7dsziMQM8/rRhRCRQUFdhedJybWxpbAvsSeZGYoZTvvz8qWu+BjKZbMxFVa0MdcFQxMYwY9Kzas3jkSoz7Vq1OZFgmcg5yKJ+hVpobQj82Rzu+n6FNeEHIA98VOKEkDyNvTKNTG58CfwR+IiRx0e9JW3iEZxZwWOAdjbGy7c++K1MVwUGYtbuajPzWTGUHfLj8P8AqrG/PwuLLnHZ3q/FQ0wKbbORL4gGHBtjNV3iTF8P1plqtKVWmhp07EbYiofL1zQOYr1xlzjmc/zp1A2quUTz96lQaWmX7pvaEmU8g43Q5fVoNSYI7pvTbEHOX3pTWuCPq1STSdibTeijL/d91dmXRPag8VR4vOgRZl7ntXZl5VX4vOobgCqAdaADlNDkL03q6xYVJ3N3t2qrTaeV2ZcuCRHMYvN839K0oRoAGMcVF2GYh3z+DV5GougRF5b/AINMEZ/BNPG1w+OYhKaylnrvg+4pqQ/EU2yYfpU6WMILCDmJEDfpiqjV2JfEuEsW4fanLYznkNN7Y6otI1icX1ej0+pbji9fIgQz8scZ3f0pXifHpXM2tGsLbs3Or6disJZzdlRefWgm2gtbqL+svNy9NnLocgOwdKojZy8nfrTMLODerPCBSsKvovG2R6PvXTMxTGKuSgmYHNAUUb5Nnau8XTDijc0KmcZM0CCtbrRsTPKpsGV2o0yoUDST6UsReR7ULCOeRTHhObVtjS3tRcIWLUrknoHL17Um2NJMVjbwYCur0tj9nNS2huXbcJdY7uK6jYqR6gRMiJnG1V6rSafV2m3qLcZxeWTc9HpQ2LTZkjJc5XfbOc1eSHlz7VQ2eU1/7LTtSlc0U2cefgeZ6PWs6Nidr5JiJsiYSve4pfV6LT6uGL0BTlI2T60mgPI27Yps1v8AD+CfvNguSSMXl50nqeEajSrOzm7bN8huepRaPit7SfJCWTqY2oQnfwHxThEtLHx849w2rFnaxyMlbGt4ve1UGEpfK8wNmstVeWPKkCv5FW2xeWSq7tguHQe9OEcvLNFGxnflTGYs7F60qRU7Zr0nANdqgjp9RbnO2oRku8ffmVVO1Ehy3rS0dsL1sDqUrYJI3MVCbVZihSmBlcbycNvIo4MJ0clZVqN+dv8AebSOptfLMxguxxnfz351qcfuEeH3BQ3Hf1qnhbGdmSY+1vt5FFaGqoxJ6qEYWZhnxr4wyYc0zGRLff3ruJ2rc9TebEf4lre5bx9o55PPuVVO/bt3IxAYygIjyUzio2gQwYe/vUgefvQFyDyaIkd6YBgefvR25MJEoKPcaqJG29ESO9AqNC3xCcT54EvMcNXW+KW5QJFuY9lNmspmbilDamRuShnZ3PzppsXqjXeIXp7QjGA9ebRWrE70xnOTJ6rSMLmMZStHQ6i3bukubjDmi2+hSXDShav2rZuSA5Ll96qlrbcXE4yHy3KZdZa8ORy9qw9Teg3JSDdeVNuuCVvo/PiOnibM17BSGr4peTFgLYoZd2lJ3BeRVUo3Lsv4fgxDdFctKyqGLV69buNwuT8TzVzn1rU0/EPEBdto948vasaM9jamIXDYXHpSCj0NpLpmDk9Krv3Y2TcV7BQaLVWiyRUMffVPEdTbnAjFMnXrVaondier116eY234Ue5uv16UFjiM7Z4bx4zo8k/WlrlwXbf1qicyIryPvpXRVI24azT3do3Aeo7JUzu2wy3IB6lYEDArzd2pWnYUad3W2Y5IrN8uXvWff1Fy7IZAByB5VX4qjJStsKOZS7ffQMpjtFfrR+I71PigGefpQBUzkGUQpnTW4fFj8eR48eKNvmhyyn1qLsJ2NHd1coDOEcwi8h7vnSnCITOL3W9NnKdrxMurlPaih/B6KEeVXRjQW3I7YBwVcFMk4KC+fwz1/KrgpfiDOOkm2kjPbCmcNAIxv3yHD9JI1T81x2tj8yY29CvO6/iF3VoKRtj8luJgP/3ertbpNU3hnMmzVZc2qYaRhhki027G74Klqc91Xflir7dpDGKZjbCmbNgkmTnSFQrGyy6NdK0nMfavYcN4Rpp6cncmK9BNvWkeL6OxYni1IkPM7UUCa4eYlDdcVReMW1zv3rSugKBSd+P8NDdoGIycnPDjnVRgRHLTHwlgqY8qb0HBtXrk+DZSDznLYPr1+lBInYl8zlwvKtDR6HUaueLNuU8c0MB6teh0H7MaTT4nqn48zpyifTr9a3IQhbgQhEjEMAGApgkYWj/Zy3FJ6yfjTfwR2Pq82tuzYtWIELNuMInSJijrqCjq6urqAJqGIm5XZoZ3YWzM3AuOVABgjzyedFmq4XYXPsyF7OzR5oAkd6U1fDNPq8yY+C5/dHbPr3poaIaBHl9XwzUaZVCdv+45fXtSxbDnXsnCYdykdTwuzdzO2EJeRs/SpaCzzpHyoiNN39JcsSxO0Y6I7NVkQ/8AbPekOymZsepWnoz+Yt+pWfM5epWnoj+Zh60AuGvioSixUJVCMfjVu3dttubgGK+W+2aq0FuRakIQfGoHJOlZX7S6y9pOOxnacHwgR3Ey7J2rR4VrbGt0+LaxuG8ra7np3Ka4CYtDxvG7zsYe2/Ipbiuljauyu2EYJ4pxDePmeXftWhasSOJXLq5VcHfah1NpnxS1MESIeWFcmO1JopOzH0l1ZNq4/NHfPRO9OCd6Hi3DzTpdsuI5Nj/bnp6NBpkuQFZCbIvJqf6AvKIqCGOUn3oyOetAHFRc2CYbxcvp1qwt5ftNWfAgwcykmORTEAPtVkZJQ2rcCASLwm2xV8LdlDLeHr8ufyp0Kzi7M3FHojVclXLu92mrdqyufHewc/4efyqJWLKr8S7v3t0mOxNDtUwutq58gZmI57davbNr/wCW59bbQNi23hbssEUy23nSAqDsUQI0wWbPW+//AObRwtacf9Tj1g0UFlPxJ5yrmq5yXnmnLtvTLtqj/wCjS0rdnL/MG3/GnTC0LoPMqrBKaY+U+9q+5GOMQukpLgMdagsNuOCY91KKYWVIVCB396sYp1KBjLy96QwU833rvDn/AHPvXeGeeR71DbmdPZ50AT8PbLN9OdRdvR0UoQQlqJpiLygPV7tXaSdqOsLK+O6RZIO0PL13pbjNrPEGSbkYI9t6aCrNTijjg+pU3LannWPwS5O7xVHK/u4fg/nW1xO1jg+qzzbblrB/Z3LxPOXLbT6bUxWerEgETd6vamwrC1/F9NoZFrxE76gQHlnqvSt8NihisnFL64zpZep+NM4qjWmdLP6fjQCPPaqPz2/V/CqLluKbm/lTWqMNv1fwqpipsLUjFG0xcgNQSnF2UxTLCXZ9qFt52R9qEwOhq7sBCT9GqL1+dx3Vqz4KuAcvTFN6bg2ov4bgWo95c30KaDRjuZJnlmnLPBtTql8EC3B/3yMH0ObXotNwzS6VEh45n+6Rl+nam80JBZl6LgOj0uJXD41w3zI2PQ/WtQAAAA5AV1dVATUV1dQB1dXV1AHV1dmuoAXhfnuyBiYMnPO361VqpEoW05Lk9qslYhcJBPMXGYvKqdRFjbtxxsbfdSArLVyWJ209Hb76tjqrtpxcHHaX5NTBmWM2wUc4XGamN+ErY3IscvhRM70V9AX29Vbm4XwvZpg3BKRlpbcjMFg+W57UMDU2NxZRO257UWKjSzXUtb1kJGJmHuUxGRIERPKnYEoSEkCPMSkNTw6MhbL4X+15U+VzQI85dsztXYwuRR8Rz61oaKP8xF9ab1cYytPiBxjGTk0GmgRvGOzU1RSehyuamoaZJ4v9qiM+KpI5QAfesAlqNFejcszRHInSvRftFGLxW5JM7An0rK+CSjJIs7Z9ryzSTCja4Lxa3rpkL3ht33OTpN7nZ8q1G1KWujNxgAH3rw13SztT+Jp5OznA4Rr0XAuOxv3I6fXSI3eRN2JPZ7PnTsaf2ampsl3XEZxGLbYyHkjzrIbENDO5aBmzmFufMe4+Z99ei+GurZLn5cFI3dLbbOqbg+FmyyO4nJPMpNDTEcJs7I74ohxSqaiOu+HcfFcnuoYJGPtH5lNEZdaQwxejR25PiDPNxVZFXm1Zai/EjleZQhPg8QlnZiHZKvhCeeZj0pe7pC+r8WcFxvHAmOlcaGYyIX7oPL5+XLf8a1SXyZPXDS04i+LHLpRTDC5idstBpLTCywlJm4TK5XLUTsTkOYCnJXnUS09GkEmts5jLvD3rm29Az51MdLBj88cOeQ7VN+1dkBZuFtOamc1LsbpcYJCXUPerYxAchmqo29UAN22of2UcIXieblyLHGMBjegkou28L4YiebiqJwl/Ye9NXbcpIjjH3VVOM8uGnbvhSSa6IagYwJMQRpVuK8j3p3XxTTZXLkrNV60NhQbKhXNC+tD4Rwbq8gedFjoJyIG6uAN1ab0ZBveHJOZs4ckXt61TpD4fEY6dhmXg8UpLnGeQfm0zw6wGpv8AgwSbklx60UJinDtOx4xqJgCzmDjpkq3i9p/eJPPFsX3pjSDHi17BtmRn2pbj2q0+kuM9RcysALcXMpb5+h5tCG3THOIHxOH3icowGCZk4Dbq15C7xGGmZGhX4iYb2MbdSJ0PN3qrXcW1XEp4mpbHaByP1fOqrVjfKfSmyL+EBYtTuXy5cd1FXm7/AH19Uj9k9K8BptFcuR8ZFQc8q+gRPlPQpXYVRNUaszpp+n51fVWpM6eR5UwXTB1Rgtv/AC/KqyIjunpTGptTk2yEWT4uQeVNabh08eK9IiPQ3amimZxa8TgZK9Babs8LuTw3JsB88ta1qxbtGLcA7vVonnimkKyixpLOnDwRzL+53avWuzUPKqABd66hnKMDM5B6tUT1kD7BnzdiixjJQTu27f2pGexu0o3L902EH6FQ2GMWTPKdA2pWA5G9CYsV255KrdQLiEGb5VVpX7XrVjqLMfljIk4yEd89Mds0wLoMkWYDnappKeu2fhwwjhz6frtVV8mxkXLjLwic8DjDlD1pWCRpZrqr06fAh4WCY/28vpXUwKpXrQy8Qnhxl9aDUokcOSgnPT3C7CYxwgvn0qdTt4QeRSfADhcLdoUU5bVzKzfPDIHDkHbel712JbjbJBPGcNJwuXoz+eBI33K5MmeUJ+q2axgmrZsD4cArgxlqwknQrLhcmTixkg4cNMmowhOPtVx8mD09EvG1wvuxLkVlEyHM2aXs/EVYczHXFEaknflbHYguMcmi0wvxCLh6KZxW6ae0Q010uhq2KRuiPnsv15NMxuQnyd+zzpMnJkW70ByKobZqWwG8JMfLme1PYqL9T/SfpQ2D+IelUTldjEjcwi4yOau06NzbtQNcGq6urqCTyfGLRc4peW7A3DC8tiqbHDW5buXLd2CQMyxIAPOvTarQ2dRJngjN5yDn61k39Bc0+WcY+DpINqVA3SMh0qSySgpvkkVn6rhk5LesGJc2Oedelt2yfyW4wlJMAGVaRuwuWrjG5FjIcI9GiqBOwOCcdbEjTcSk4No3HmeT5edb8mJpb2+Ryj3zXlNdpYaoynhuHJ6PrUcM4zf4ddNHrRlpnYXdh5nc8qaHf2ek1OmNRctxJsJQiShIN4ufvE2Spu2PhuQyPPblTdnwXZRu25koSgYTcSrpWyQiZKTQWZnwx3xXEMIg5HJtXX5OnueBFHcSgNUPekMdt6lNpwV7hVpqo7kbc1OZis794O+Kv04Xos8ZRxzxVJt6JaS2NQ1Oqbg27aR6iZz9af8AjJEblucVM7GaRt6cX7Ljyk0xO1CREkKhgzN2Peh2CaekTd1hEfh2bknzMFLWdbqWSzteKK7AYSidPBdhx5T/AO6j91hHYJ48pJ+dS2OhyF8mh4Ji9GLS+s1dy0sLdmTLl4kUPaujYIojcE5Pjf1qi/aWSsrqrnPjf1prYEW+IYMX7chOcgce1FPXacjkmueQRc0rcsqI+PHXM/8AuqG4Jum1NugonV6v48fDGKRznLzaTc96a8UHmlQEJyIRwq4CpexoUWWQAV5HVpi1E+DG5GYyZ+FTkGd8frTBpy3fgAbjlT8KC1ZbegtYAC4dPOnQ10ssRh/5hV3+GfdV2ll4dVfTBEVXlzVpPV39PoNZLU6iTE8BGIc5bdD/APFed4hxHVcTnO3ZPhWV3B5+r19OVMLpUO8T/aC3p7923w6Zcuzm5uYyR9O758vWsNs3r91u6ibOcnKyc5p7RcPt28LHMnm82tA04QElhxnHgEKV/RLtmUWWNsSGDOM52orSxTINav8AFAgSgmc72yo8NwlswHl9gpP+xjvD+Pmk0fwXTwk9F6+vevUxcxi9wa8lp+CarUJJjbhF6yhj2K9bExEOwFNEs6gvGbUjyo6C7/Tl6UwQraMXI+jVl29OEyELTLllXAUMEJxV7/hVkr9uJu5TtTQwoE8PjeapjodqlIxMqHmtUfHuXP6Udu//AHXfClLe5Pfsb/fSsCZ6q3EcLJO21Lzv6i6YgYO5t97QXIkdQxxtjr61dKVxueEthHuv5UDopNOrm5NXrj9WroWrcNyJnu7tRZLhbxdRl3K6dyEecjlypNpK2FNvRZVLcjctSYSENnFBd1B8ORAVRxS+it3o2rsruAlyM5dqlZIydJj9GlbGNNuzPKghpLkWM4u5hw7GfQ+hR6Z+aR5VcygGZXDGcbON+1WIqNJbN7ksrzDYc7tWwjbjEjCDLGd3dc88rQfGtjMhBZQQc92u+NJukDAMFx1zigC8ZY+yHlmuqnSfFbObzLxZeldQAE7VmXiGDFki7c2g1TiQHQqxlIkAzDONzI/WqNS/xk7B+dD4CE9S51Cb5IH50NqS3IDJjF2XGcefep1H9e5nbEQ39Kq3xyeXSvH8l1mbOnH+qG7srVu/iN0nEx82EKlmScjnkFJipy59Kvt2wkVm5b4UkPwhH4dyfhPERwON6mzJhbuzHGN6LGNNc+hS07jG0guGeHHUxXqRfris53uVB2+IRkbgj9GnLd63KJhx61kSuW7h88E2xyqy3ctxgEbiY6I1zY/JkuvRo8afB+9cjJInOMsPtVmk+2+lKQjAiTgr45K/QpzSfbfSu6MvZJmLVNoarq6uzVkgYwqO7zqUERBHmNLzvFq/LxhjBhFz7VLqPDJGChzTfFMCu5oLeWenC3c6JsZ/KsuehuupIamaSm7yRR881twvQuJ4Zi9nZq5CQkgR6ND2Lh5/iXCbemI+C8TycgyntWBrNFbkPxnETq5MfVr2Wo0SDKwq8/Cv4NY+t08rtmVu9aRUMSTDvSoLfGU8Ejq9JchCMo3NOhnLj6leoIiNZOlstm4W0BiBg6VtRNmkP4MbX2iV2Q8kB8tncrJRjLDs8zzO9b052Lusu6cmfGhhlHrjGz6b0prtE4WJublFDTM0HvWrwu3C5p5Qk5fFnA78qyyMzJ4UTmVZYLheihIcm5t1oTpia0b0NDbNhmGMfaf1q+duNyIRmLHZ6+9KFy4SYpeTPMDFX+IjbhIJGemw/WqltEx09BQ0sDPiB322xionaLkycL0wNsRTH1qYSncMpLwpzUxQwlAFGR//AAn5VBcm29k/ARFvXEHOFMfXagnGNxJkshyw7NFecgZcJyxSOoZW7M21JihnYx1oST6JWuFs7YCq4B5tYTccvP2q27dvXTE5zTs8qqLbKQBlaevgfekEpSkAZV6lPaCH8xbxjfxEnHNENvKht6UYABvzU57lO6e3C1ftqhlQz1V5FCQDE4Bft7Z2dqw+JcZs6OyaazH42pJLgdo79fPyrR49C/KEI2LzbyIobpnlnpXnbXD4WZLiSq5kmVougFG3qNVedTq1ncl0eQdsdKdNLct2I3CwkXbPhcNappNIaO3KFwncX5opjFGF6/ajpoZlbi5ImcFHRIW4XqrOluMtRpiRjAY5edW3ZGousrFvwxm5jEM4p2zwSEsN9wf2xXPvWnY09nTwIWYEQMZ5vvQkwunZj2OE3ppK9Itx7Yy/9VqafR2LG8IDL+53f+qvk1GQMm55b00kgbsLOaI5VXGY4M4XkPOjzTYiaC5/Tl6NFmhuf05ejSBCU3IHdCuS3CSEJzRDcXGaFdh8yrr2o8CgGTqtTKSirZSTb0XhgMVVqbxZtM8mchvS89SrjKvYKgC5hnHm5w71jLP9ItQ+yLzm+J1Bor+o+HJNjHVaHU7aj6VTfYXLjKUVc4w+VVlk4qxRVsruasdvGuXGCqLl24p8OAZN1qZuJJGPXtQPjXoFefLI2zZKkENxDxzM9cU7YV0yDkM0gRM/Mj9Kf0ziwh51r40m8gsi0Tpn530qxLZFZ3DBMdtsPQqrTP8AEfSrWMESU1y5wGMNegjAhuWoyvJFZRwyHk1xqH95t2yIRlDLk3KNIyE+GpLnnbNTliBiEQO/KmBFmd1issu7j5a6o+Kf/NH2rqAJ+FEcij2HalNS/wAaXoFOrtSN9zfl6hQ+AgbqNyZjlg+6qZ24KbYe9NavAmAFN/OlCSzBMbdK8zNTyOzojxHFpERX0qy1vdB9qm3IJYcn51fEzIXDvtWTgm7RSbGJ7aSXmn4lJXULZnO8nl6U5cf5R/yPxpctk7YooLvXe03hpGC/YWIxkuMj51zbeQn1Ka/d44yKVBpsr83uV50cM26N3NUHaPDYtGMbtOaTnL0pTw+EtRznGab0v+5r1saqKRzSdtjOa7NRmuzWghW/C3cuJKR4jpnH3UKpKWJsXOyVN6Pim5hCQO2dmqr8WTLCCOcJz+vSlJtKwSTZY4bkFBVMIb0z8YiyHOTcO5SFhk3IeKCInNpq6QzckD4iKb8qUJWrBqnRfG/CWBfCvR2obtuF2OLkROmelKsoqDJUQBOVWzvSGQYEcZeVUmmJqiuOm+Hd8Q5i8jtWhHlS0JKpIBHo5GmY8qAZ5Dj2m1UONT1mluMbgCYNzB941o8K4pDicGzeC1qoHz23YfM8q1NRo437kp3JoBgwcmsTU8PuR1Bc+GwlFSF0MJ50cEnujuN6TXtmMuHXi1djhkSBJHXpzrAJ8et3IrrbLhz4SJl+6vZNyEi3ZvTfizt5JG2e+OzWZxGxb0h8QgeFcJ+dAx3hmv1F/TeO/Yg3RwluWz70/avzkSZW0DkIfdXn9BxC3HUW4EyMZyBy7c69datxDDGKPXfNNbRL0xQuzlytoHV/SpL6hm3MXuU1O3GIoH1aTut9EjENuZlfwqWmNtNlc7syTmCmdsVicR41Yt3Z6dnCEouJeJ3703qtZd09lZygIYMm7WUX4am9gMzk5VouiqOsa6OpufD087dyWMoOcHdrWtWfDbhJN0cuKs0mls6azK7cYwAzKSgY82q9XqHU6C3c0FwIXVCfhc4HGQ+lMLEtdxCzpZFqA3L7sW4u+ciZ7G1J6O5qtTxbTT1NxcXDETAD2K0NFwiza07KaQkmUkLKeHmrzo9Dorhq4TLeIwnlUxypVYrHuLm0fT86Uhp7l8ImWMTA8gz51rai3G5cj4okgOTyopSgGMghyOlFAI2OHW473FkvQdqetxjbjiEQDoFBOaW2UEXbGeVBBueOLOaq8jYx6VVUAyNV37k4kfBgVxl5FDbJ/HllfBvj1rr7gi4zjOz6Um6VglspbbNzeuSkdA2Kstg6dMcxMcqolKdxByRycirrbixnIbO7yKUZKXBtUVaa1ON0mgAIHXt09Ke6UpZnm4DdZOOQYKbHYpsTOzQ3P6cvRqVoZ/YfRoARm/J9SonFuXGeAV32zUXH+E/Sgnd8NwijhQHPessitdLi6LPCBhWpiggd6EFahGJnJs1w86zULUub+fJpa9ehamiKqpg86Y1KfGMcsVn6+bG/EDOc7V3TipJWZRtMn4jdFjDCON3p3qAepv5UGikzLhyRKuQy5QrgywipNG6baBBac00H4Ll70rt3z9Kb00htyDvV+OkpqiZ3WwNM/wAT6UwyXePjAcIHOldO/wAY9Gr/AAkriIPc8f5V6PwYM7DhUkvJJTxUZgIRbYp2Voi1IdiAdQM5qW3N/wDdQ7AFMCC4BjEnzIV1T8E63Ln/ANq6gA12pC65vy/yKbb9vH9SPvScpRlf+VEZcxqPZPjGk0WatzMDGxSqSJ55nrV+q3uJywFUeFNx+6vMzP8ANnTBKkSEiY4yZ6YpqDnDjG3WlmWEy4MVbB8Ug2wG5UQbb2NrQ1cf5R/zKC0/y52ZVN1xpT/OgtuNNHzlXo8xHP8A7FklB3Q8qEuY/wBx7UMpOHLtS80Y9t6mbUV7JbHFW6Y2yy23Oci/fTWl5SpKPKyf8H8ad032X1rWDuKZMusYzXZoc12a0JKJKXHdxnFLTuSjOSQ8ZlzvhKcydKSvMvhyYApJ5uKmatUEXsKxLxXYrbYviObk603cALiK7O2dqQ0c5yvR8YG+wb9Gnrpi3NzzKULUaHLuhG3KRfjFy5FXtuVfrbjb09yfZ22xQkYF6Lj5iOPvotSErEyWQR9sUo2osbdtB6K5K7ZjcljKH4VoCY2TJzKzeHHh00A5YK8z+0Oqv2v2t0MLGouWydyMZkZITFNk61Setgo+zdHsHXWpXbloXxWftnqZoZ3LeqtsCeyZD/qsexdlLivFxdoSA28mo0lxb9kV3By9flKbZKXyO6+2kBxsWUz9Gsnil1t8JswvSlNnkJO6YDGa3b8srFxggOMVncXsW72ktJmKKgct8UwR5yVstkWADs5xXsuG8e0s9DCWpvELsQJjgynU8q81d0s5QMAo8s1kab97vwlMJqKJG3kML2pJ0Dj7H0W7x/hNthG5r7MWe4MzOPPtRPG+HfMGqg4M5Ew18w1165p4viYN1BIytmUeTjnjzpT/AMprIh/DtbHQ/wC6abeyXFJ0z1fE9W8T18rm3gMxgYw+HPXzqnSXDRXR+GyVAwfnVHB27qtJDUXIAyyYNjnitJthGz49hvEU9UKW7K+NA8dL93URs3LubWVLeMGc7ZOrW3wzTzOGaGKeBgqiYTfNU8VnZshMtjMuQzLG+73p2F6U+HRuGSTFdvrTFQxf1GnLx8acY3JnhiONweX3lF8QLhDZVxz39q8vxO7OVzhcsgymKJl3StkkvGAzsQPek3Q6NG59s9GkrWphqJvw4gQPC4Nlpu6/MejWXw2JGNyWV8SqdqTdNIElTY4pHTAKA83nzqrTXWV+NuSswFXs5o5kXSsU2cZD1qvTW4xvRlFljAAnTelJP2X0NVTHIL8WSjjor+VRqHaPq/hUxEkryeW9RdB8OXBvVNWqJXSjxBIXIO3lVlp/gi8sNU3JFvCTEzsYq2zhsg8mpgmrRUnZNuQyAwbdGmB2KqMAByqwdirZJOaif2JejXZqJvyvo0AZ9x/gtRdl8KURiqvM5GWuuv8ABar1FqdzUEiaAG2NqzyetbKjdlzJHAe9BNkxQrkVdzDUoY3a8/RuRff4kc9qDV27XjhKRDOMivWi1D/Ej6VTrkfhLhxCu+StVZjHTAg2xl8PwYHfwlQy3QH2pbRyJfFQxuG1HNVXlXn51TezeLTWixmBvt9ab0UiUJcudZrumM5fvp3h6sZGMcqnxn/6pWGRfiFYf456tOACoAvNxSNpxqD1aeHavWRzMLNdmozXZpgTmuqM11MWzFkmK7Sv8Q9fzqJO1dpP6sfWvJ8X9zonws1l1jecLl2D6VV8S6R8UsEXbzotb42dz4aEui8s1VaJkD4ksyxuHLPpXPOaUpNv5NY3SSLZRJeFJZXmBjFWxjNnBh9kd9//ANmqoAZ3wtMQUgY+tVjyty1wGtDF5/lI/wCT+DQQkGkt5ea12ocaS36v4NU3F/dLeO7XoZZOOG0YRVyDncEd8mKqk7JnaggvgRy5a5irmuP/ACG8fq+s1UPytDo72v8AA/GntN9hfOs92lbP+BT+m2t/WvShpL/hzy6y+oXAvYrs0M3EJejVkmf/AOQc72z3oJ3C5p1YMsq4HypPO7UqtiKxmmOUfOuPDmlJv2NZRSWhnSyLGJsEB5Zy8mmLmuhKDEjIXB070jHEbOIksOHEnc50I5kep+NGTNKM1FcBQTVsfldI30TaJlodRrLc7MwznwvM8qT8UnU31kJ4cY+tUXV+FLBlTGBx1prM7S+wcV02tBI+BExuB0x0ryv7QC/tjoVOd6GPcr0+gEgGEwGz6V5bjbn9tNGOXF6H4ldN2h4lt/8ADY0VyH/leLjIGVwDPpTFqJE0stssB59x/SsiU21xbXPiD4l1w5FNuePWm9NeZXrUGTIgEY7Y2xj9amU6dMiKVG1qWJlXGYGfTNJ65j8CyDtuHvRa2SQu8trZ+NZ/FNVDT6SxO5OMTCufUqvbZNF3hF2p39jsx4RdBEJzTbqrSEJkgkJhM5pz9krkIcEXPzTlPlvndqk9g02nR5T9uTP7Q2O5o4fi156Rl2rc/bO6XP2ht4jKLHSwikjDkzWGuKuzOq6es4Htwiz6v4tM37mYWxQxqYB57jSvBH/0izuYWWPdrtZdjGdkJGf3qG2fSobrZolo1uOyPDhTe7b2+rWjZT/xVvf/AGP51h8euZvQE2L0eT51qEscIt4z9lPvalZE7BxejJ4nKPxuFYTZF35blbcJxlxMkSE8IZGvLauXxNbZhmOLaHPC8nk1uaNTVW3JhQTO+c1m8ltIv1VM2784xRkgYd2s7RXIW5TZoHemte/wz6VlW2RCWYpl2z1qcuVxlpChFNM0p6i3OJCExVMBVVi5G3OEpqRxzXPVpCC52d8NXYiaWDmPizhImClHyHKLl9DcEnRp/vlj+/7mu/eLd1CEsoLuYKyM0zpFZyAy+F2etZ4/KlOSi0N40laLtTKTCOWDmRy51NvV2owIq5OeCq9TbEiytkUTCOetJL8761rnyvHtEximtmp+/We8vam4SJW4yOSZM1gDt1rc0z/LW/8AEqfHzyyNqQTiktFuaiX2X0a7NRJ+V9K6yDPvP8KRVGr1Hguxt+Eckd87masv/wBNqLrAuRy7oYMeVY5JqKtlxVuglkqC12ZZ35etR4jv91QyM868+2bUdqZBct+e1Bq7RdhZ+djiHQzmp1j/ABLb512ouwtws+Mm5jgIuK9KSbVJmC0xaxp46fxHiXxc8hiumA7B7UDcjcu3I25SYgc1cb1BIjEMrvzRrzPJ9lKmzohTVoNTamtC4ZHpSLM88elNaKWWWM4wc6nxv/qmGT9Sq7ebV8QH5utXmtuJsRPpSerf43/9fnUxdq6fIyzjKk6MoxTW0N/vlztH2rv3y73Palc523rs+dcz8jJ9l+q+hr97vdz2rqVz5/fXUf5GT7D1X0BJ2rtC+KcU2FoZuDlyK7h3OG3StfEX5MJ8Lb/9efrQjTE9NKdxlkBc1Josbs8fSsJ+LllJtLpayRSSbF843zVzPwwiHNaM0ts53H3KNt6c8OZZx51rj8PItsTyxO1LjTW/RfuqqbjTWT1qdZchK2Ft2iPPapt6m3CzEl4XBzUruyY/fH6XRjGVOygFdh+ld8O7J2tr5o1dLidmOxOH03qp4n4vsk30jj8a414cY/tI0/lb4htEnATCQMlP6f8ApfWsqxdnekzkI4xvWpp3+GetehBqlXDFp/JbmhuuLcnyfwqVqu+4szf+L+FVJ6ZJhrgXNWWtXp46WMJopvs0utRGMB2iFeVjyel6Ohqxhv27kEtxTu4d6qlOUQYgojhcVy4PKhWplkcpKSXBpUqLHUXJKyhCJLnjm0ArIxJO+DnQLtmhjeh4wJZc9N8VopTnJMVJI29A4jzXc3a85xazN/a3S3iCw+PAZPIdsBXoNBMlDJnGcb15vXRuS/bWz4YzlAuxXAobG9d8E1FX0mD22jrif+X1zjP8ZpzRSW/FwASxhd80nNYcR1kmEvnvS8KjhpjSTXUW8vORscudN44t2zH3a0a3EJnwtSZ5WzJ9a8z+1V1dDo4RljxQd/qU3xGeptXuI5n4WbGVpTJM2GHk7ZKwdXftXdJo4/EZygIjzFkvLrtVqkS2U6LXXJ3ben1RduWcYYwk4cfX3r2v7Kaq3Hg8CSQCUsEnHV5V4nScGu3bmbqwxvjONu+3KvZcD0vCngGmNZZL8kZMZGQcvKiReO/o89+2NyFz9pFjIkFiBkcnWsVd63f2k0/D4Xi9otM2FxHwxcRxvlxjn9awJLvVRaomad7NfR8TdNwyJKFwjC4JcxtnOU8zGd66V67d0/D7t6KSuahmjzcon3Yq2xElwKzFwiyyJnPOq9VcnO3w9uOZF7C4xlMUfIt0bfGZeLVkd9rkXJWs3PDwWy89n8WsTiss8Ql/mfhWrcl/6JZ35/q1Din8ApNMxL6S18FMbL+H6Vr6SQ6uzyUmOaxrsiWoi/EwkyO5kRPWtHTGddZRMlyO+OlZSwptU+GiyUtrp6LXv8LfyrHVJbzmnZclafE5sdOpjJjn61hOoS54JAvMw9PrWXkY5t3HhUJRWmMk5RlmKCcs0TfvTwTIJndNqWLsZKZR7JirCWa5LnBOJpp7Lc1dYvQsyZ3HEcYaWHNENZwl6yUimrVDrqtHcBLrsjjI70kyJSURM9GhYQkbwH6VEYxgYiAditcmZTVUSo0+lg1u6Z/lrf8AiVgDW7pXOmtv/Erbwv2ZGTiL6GT8r6V2ahdn0r0TIz7/APTl6UrqlLxjoDz8qYvp8OXpVZrbDiMvAoA5d/vrmzY1kj63RpB+u6CFYj3O9UXbso3ogoHPDTkNTp2IeAcdTDQSNLOSsUXrvWEvGn8NFrJG9oDWvz2nzKr19tu6S0QBkAm+KLWzjKVthIQQpiFkvWLaoIYxXXL2S/FWzJVezI0li7aLjcMZANxqxHt7laU9JLDiR7VRLSXDkxfrXm54ZpS9vU3g4pVYjiSdNtsJ/wBU3oFGQ45ULprp/tH0SrNNbnbuLKKCc6XjxyLIvZaHNxcXTFdY4vPr+ddF2KjWv8V9a6GMFaeX+xEOBjXZocmanO1chZOa6oyFdSApuOIvpVOm1du1ESYIByphMjnFVGntjnBl57V0Ycv8bsTVh/8AkxPt3JPkVDr5v2bM3zXFEWoGMRKsAOQFavzJfBKxop/eNVIPDahH1y12dXLncInkBV2a7PtWb8nI/kagvoqbEp22N24yzzy1EdJZMZM471dmuzWTyTfWVSQJatx5RKsADYCgzUjStvoDWlMkmtOxtaPWszSOz61pWdrZXqYP1RjPpZmqtS401x/4tWZqjWyxpLr2i1vLadGaMJaIQMux3WlZ3ZLgSJ3oLMrd2SizTfLvXBHxZPujV5UuDTehvhZeh+dVSv8AhTxADyy0QBnNVXyCHjMg5CuiHjQj3Zm8rfAnE8SdzGQ6VWwG7B8XhB5DjNQXHABgDrQxcqrlrdJJUkZuTfT0PDU+AIj8zyqu7qNFw/Wk9XfLc9QvgZGDbBz5HTnU8Kf5WPq0vx/QWeJ6Z008l3eVtMZE58+nehlJutGHd+FPWXrlu6SG9JyORe1M6V/m7B/yK89YhqOHXSxqpQjbFRHtzPuq4113UXowtYPDmUgl4chzF6ZKZHya3Hp627fu2bM7RZ8DcAPmkibZ5G6cu1eesaW9PUSlrmdu0HyzdjLjritQvfv2gvaixbhZCS+CI4TBsP0q7hN44ho23qLbMNhkZJnr3KEyqthGlhKxbjbwbYUd083m1Za09+1AhbvTjEMASdqa0aXNNGXw2CZjhOzj8qZI+VD2WnXDKvaGd5zdkze65ql4RBfmgJ5VuYM8q5PKiwezFhw+duPhgoYTGdt6F4bN+EZfDamSBeuTP4Vssa5MU7FRncTmS10kRGZhHyrWuSP/AAdkEcYHDnG7SGq0vx/CgEoo+tN3Itvg9seajjtzpEtNWZd623JQTbDlxT+ilnWWf8z8aVjvBe1W6GX87Z/zPxpE/Rv8UljTLjPLb61gO9wmxMm2Stzir/KPqfjWHnemxvpM0lub0vcm2rhhmD1HrVsnYaBym+4d6TSapiTa4XRu3o82MzzMPufpVpqgfnhOOOuMn3UuTMYdvWrTFYT8aEv6NVkkhmFyEzMZCeTXLvSc8RSXnviq4X2S/DnLJujv+Nc0vDa/VmizL5RoDW7pH+Utf4leXjqpG04D5jj7q9NopeLR2ZbmYDvWvjY5Qk/YU5JpUM5qFyNRnauXZrsMzPv/ANGXpSErduWcxGn7/wDQn6UlnavP8q7VG8Bd0tlzgw+TiuNPKLm3euHbdq7Of+q7PvXIsk1xlUmUNvUqZvKCOEN6snqNVCTi3CR03RqzNdmrXkZE+icUys4ldi/Np5n+Ms0RxaJ9ovR9TNEo86FjB5xK1XmSXUJ40GcVtS/94PWOPyo48QhLlctPlnFLSsW5f7SqZ6Oy74DHlWi837RP8f8AZZrLpJJ5N3kNFF2pU0NsmJ0chTQYHFYZ8iyNNFxVKgs5612aHOKn1rCiid66oJHb7q6kAI1O5iofOuCmMIanNCNdn1pCCz51GajNRnq0wCzXZquVyEd19qqnqHcgH13rWGGcuITml8jGa74kDOZGfWkZSuTPmk47GxXRiHIrph4j7JmbzL4Rs6OQwUEy1pWn+GVlaD+iFalpxbK7YQUUkiG72WZpfXv8le/xq/NK8RkmgvJjPh2zVEvh52YJjOKi3KFsxAy+VVgrmcl8uRRmAwdKDOw/iTRyhtyN6rk53rs7NBJoQE52fShJYKhefpQDRwR6XhT/ACcXzaS1/EI2OK2IwxOattiCu+EDHXb2pvhTjRx9Wl2zF4n8Zx4jKbeWPwpGi4eS4rq7l3XNq5ZIRPFlkju+lZM5eLVeDCxHcgbp6Vo3eGXtRrL3xlhLxqOMiK5ad0/BJ6NlO3qM+MxLxWx2eg5qkiabMqzeZcQJ6e58G1PfEhxj0Ntkrf4RaLY3Lbi3fy+HOxMznB0z+VWcL0LYswjqIwZ2JyLcsb+F/HnThZhH4RB8MYTZYDmuf1pMpJlwdM1YGx+lCJzy1JI70FBYrsVGTuVOTvQIhDtUYO1Tk71GTvQBGDqNdfZ3dMWQPlcj38q5Q60PiDrQDEYiW55HJXaB/nbIf3n40xetrbuMDKmXBvmlNE411n/M/GghqqPQ8WcaN9T8awfFv5Vt8Xf5KXqfjWBnHKkEuli5j50I1C5KEfOnRJcInSu3zmMkc9OXtVY70Y770hh/EcYnHJ3P0oLcYE2UcbmHFSPPeuQd3n360UFhIJXptBtobAf2FeWyhzyffXqNA/yNj/AoKQ1moXZqM1y7UyhG+/wZ+jSBITZGnr7i1P0ax5KnNrny4FkS2Wp0M5fOuHNKkpx5SfRc0RflnEomO41xz8Wa5s0WSLGBqc42qouwcb48najHPXNc7g09otNPgWetdntQ5xmuz5VFAFnJz3oXOeddnHauXbemgIzXVztQ53pgFnHrXZzQj3rvzoAnJ2feurvr99dSoAc9qkaUnrrRtAlcenhNvflVMtVqZmxC2eW7+ldEPHyS4qJc0vk0VwboFVS1NocCze0d6z0ZH8ScpvdaGcpkgigYxkrph4SW5MzeX6G5aq5JSECJ3d2gZTkvimv1wUv8WW+AMc2pgucuVNq6Y4YR4jNzb+RkMnPJRBQx+zv9a7O3StCGwsVI8qBltRQY53Fc/SkBq6L+iVp2v6cfSszQK2M+bWlBxbPSg0XA1pPib/IXfQ/GmlpLirjh9x9PxoE+Hn877VymOdRmhXvVGYQ7NCuWuzgoFoEcvOhzXZzmhzuZpgel4Y/yMXzahc6lemK7hz/Ix+tLanUFiSn2nYKg1XBJtMbuZiLJwJ0piQMTelvjFy5EZPiXK9aamYgKrtVLgEGGiw8qrjIdyjFzjNIYQJU74qB351InVpAc4712DOMtdkrsnbagDuZtyrt6kRO1d050ACjio67UW3eu27UxAOart2D99s3IdJin1q7bNcPhkSOY5KYNWOcXf5J9SvP5rV4nq4XNH4TJJTJisjNIiXQs7VA1GXByqM4XehklkWjzlqkaLO+KBlo0WdqqGiHPX3oAKTvXptA50Nl/4FeXXPnXp9A/yNj/AAKBx6NDXZ2oc1OdqCxK7vbnns1kO+M1q3XNufo1leKON8j0SkJkdGoSuXPJzULQLhCY5NdGTEwfpXLvQu+O1JxTVMpOi394YhnP1Kl1UAzIQ7hk+6l3CA5786olcIu47dQzWE/Hxy+KLU5I0rV+zd/p3Iy8h39qs6NZP8O9El4YzEyKb+/OpG5bx8K/ch5SfGffv99YT8J/6spZV8mmvLlXfTNZ5rdRBxcswuneDh9n9atOIadcXJStPQuRT7+Vc8sGSPUWpxfyN5faoVzQkoyMxkI9RzXNZUUT7V1C4zu11MBAMg/SpMBUDtU5M9a9047OM9sVVKKzE5VZneuUN6BAxtgb75owxsYDsUHi32FeW1du4fuKALPiYMG9QyU7UPrU5w0hWEO1HDGTNVZo4O5QwNrRbac9WtCDiB6Vn6LbTnq09F+U9KRquBrSXFnGguep+NX3r0LFqV25IjGBlexWJxji+mvcNufumojK4J8qbu/ZoE+CK4qFNqU0esjqIo7XA3O/mUwtUjMJdqFa5dqFc8+dMDjfNQu+a4XKdKOzbbk8HI50BRsaHWWYaKMGXzGdu9I383rrclzeXkVbG2RiABjyqSJ50qNEKFkJkxR70wE5ASmp2qzwnapAKABiNHhrhwZxUjSA4Gi5Vw7edSbm9AyKmux5VOM0gI2dyu3qQOnOuztzoAFzzrjPWpz99cvegCHvXct67nsFc+xTEChIwmRpLUWW3LIPheXlT2MO3KoQREycuVMTVmW7BQrTOotNtEcjnD2pZMUENEjl51Od2gNmpyZoEWDjfepGqxohxRQBry3r1OhcaGx/gV5TO9ep0LnRWc/2H4UmVHo1muztQjXZ2aRoKT3jL0axnlWxP7MvRrFXn60Esha7xJ5lQ86haCUEyMc6hcm3KgahUcjQOw3vs+tLXYMjZ36mcZq5nnn91CsXIPvQNMr0sG3YjCRhDc7Vc7tVwCMCOc42o1xRQNkSKrTZM7dnlVinOgUSgVi7ZgSzAbcnrbWP4bUUdVq7T8t6N0Olww+5+lFKq5ByqZY4y6ilJrjLzilwMS0cl/4zMV1KpvzK6sv8bGP+SQ2ODniulMjFVA7ril/iXbn2IeA/ulz9qmNqOfFNZy7tdRnpFxITJvnq8qhFcKpXG1cNIVhdq7OKGuKADHfflXLQ5qF6LSAPPnVltylUZKtsvzFAI3dH/po/WnB2PSk9J/po0yuApM1RjftXqW1w2NscN2eH0N/0ryE43TTN4g/DZeFl0HnivQftjJf3UOXzP4Vnzvun4dDQTtiTC5cXnl3D6GKDN7Zl6W62tRGY7CD6da3x6+1eckRLx4VwOHPSt0uRIRVNznVCLc7V1RnJk61JlcBu0xHQiymRObT1u3CAACnNxQWbZCK4FTdq3PtQWlQQ7YzXeJ2M0OXG/Si2xSKJJIm9GNV5wVy+tAFi71IhvtVWXNSO1Khloi+VSu21Vj0olTlSALO+MNcO+KAakXG9ABitT59KAk88lQr50AGh5ZrtuTiqlTvXZR6570wLcmeW9CuGq175qMvnQIsXeoZHIoB5n51y70ATMjMSRketIXrbblh+jT2d6C7EuQR+j2pktWZ709K6ilGUZJLmUKYfIoJJHdqc+9DmuF5ZoEHnrmvUaB/kbH+BXlcvrXqdC/yNj/ApMqPRrNSuzQZzU52pGgrNxCXo1irWzcfkl6NYqlBLIWoz0qF61CtBBylCtStAtAzloXl3O1Su1CuzQCKW0xRs3GGOnM9q51Ny0fxrahsyhufU51atCud6aC2FC/C6ZhMTrjmfSpUpa5ZtzfEmJdJDh96BdRbxiZcDpLZPrQOxloFOvSqjUQXwzzCT0kY+/lRuXKGTuUbCyK6h8T5V1FCsuHYozNAfZPWiOdUILO1cuOVd3qHnSBk5wVy7NR/tqDrQBK1C4rnlQvKgRJ3zV9h3KXOVXWeZQNHodI/y8MdqsnLnVWl/00PSjuc/pUmqPPftSZlpZ4zjxbPLpWJa8Wo1Q3JMlyqvOt39p/8ATaf/ACfwrC0P+rf8P0pozfTuJ6eELbetgI7gc6stXBtxty+0BnPRxU8V/wBJL1KXf9U+h+BSYkasFlAXGaZsWwMvPoUnpf6Z/lWic30qlwa6EV2cp1Kk613+72plnc+ddnPeoOZ60fakBICdaIHtUR5tS8vrQxndM4xUm2Nqkrjl9aQEOetQrjB0rmoeT60ATjbvUh71B1qTnQI7d3SpHJhK7q+tccqBndK42POpetC86AJ2zUdd2oetT2oEQ7BjnXIm6VDyK5+w0/kDsZru1cdPpUPNpgBdtxuGEwnJpOcUkib08fnSuo+2elIhi/XlU1zyrutBJ2cV6nQP8jY/wK8r0PSvVaD/AENj/ApMuHRgaLNDU9aRYrc+xL0axZOxW1P7EvRrFeVDJYDQrUv5VFBIK4KhqahoBAqVCtT1fWgeT6U0DOc0K7c6npQnMoA5aFfvqXn9KB6+tAAzCQiCdneqW0xy2ZsF6cz2q1qJcqYir4l82bYvcWuo66gD/9k=\" style=\"max-width:100%;\"><br></p>','科技','a',NULL);

/*Table structure for table `t_classification` */

DROP TABLE IF EXISTS `t_classification`;

CREATE TABLE `t_classification` (
  `t_classification_id` int(11) NOT NULL AUTO_INCREMENT,
  `t_classification_name` varchar(200) COLLATE utf8_unicode_ci DEFAULT NULL,
  `t_classification_code` varchar(4000) COLLATE utf8_unicode_ci DEFAULT NULL,
  PRIMARY KEY (`t_classification_id`)
) ENGINE=InnoDB AUTO_INCREMENT=5 DEFAULT CHARSET=utf8 COLLATE=utf8_unicode_ci;

/*Data for the table `t_classification` */

insert  into `t_classification`(`t_classification_id`,`t_classification_name`,`t_classification_code`) values (2,'图片轮播','ZY_TPLB'),(3,'推荐管理','SY_TJGL'),(4,'广告管理','SY_GGGL');

/*Table structure for table `t_node` */

DROP TABLE IF EXISTS `t_node`;

CREATE TABLE `t_node` (
  `t_node_id` int(11) NOT NULL AUTO_INCREMENT COMMENT '流水id',
  `t_node_name` varchar(200) COLLATE utf8_unicode_ci DEFAULT NULL COMMENT '菜单名称',
  `t_node_url` varchar(1000) COLLATE utf8_unicode_ci DEFAULT NULL COMMENT '菜单的超链接',
  `t_node_level` varchar(200) COLLATE utf8_unicode_ci DEFAULT NULL,
  `t_node_parent_id` varchar(100) COLLATE utf8_unicode_ci DEFAULT NULL,
  PRIMARY KEY (`t_node_id`)
) ENGINE=InnoDB AUTO_INCREMENT=39 DEFAULT CHARSET=utf8 COLLATE=utf8_unicode_ci;

/*Data for the table `t_node` */

insert  into `t_node`(`t_node_id`,`t_node_name`,`t_node_url`,`t_node_level`,`t_node_parent_id`) values (1,'权限管理','','1','0'),(2,'用户管理','/usermanagement','2','1'),(3,'角色管理','/rolemanagement','2','1'),(4,'菜单管理','/nodemanagement','2','1'),(5,'用户角色映射','/userrole','2','1'),(6,'角色而菜单映射','/rolenode','2','1'),(7,'新闻管理','','1','0'),(8,'栏目管理','/recenodemanagement','2','7'),(9,'发表文章','/text','2','19'),(10,'日志管理','','1','0'),(11,'日志查看','/adminlog','2','10'),(18,'主页','','1','0'),(19,'图文','','1','0'),(20,'发表图集','/publishimage','2','8'),(24,'发表图集','','2','19'),(25,'内容管理','','2','19'),(26,'评论管理','','2','19'),(27,'素材管理','','2','19'),(28,'图文数据','/tuwenshuju','2','19'),(29,'个人主页','/userhome','2','18'),(30,'评论管理','/commentpage','2','18'),(31,'粉丝管理','','2','18'),(32,'结算中心','/mbdeal','2','18'),(33,'视频管理','','2','7'),(34,'图片管理','','2','7'),(35,'文档管理','/wendangguanli','2','7'),(36,'结算中心','/mbhome','2','7'),(38,'主页管理','/classficationsmanagement','2','7');

/*Table structure for table `t_rece_node` */

DROP TABLE IF EXISTS `t_rece_node`;

CREATE TABLE `t_rece_node` (
  `t_rece_node_id` int(11) NOT NULL AUTO_INCREMENT,
  `t_rece_node_name` varchar(200) COLLATE utf8_unicode_ci DEFAULT NULL,
  `t_rece_node_url` varchar(200) COLLATE utf8_unicode_ci DEFAULT NULL,
  `t_rece_node_level` varchar(200) COLLATE utf8_unicode_ci DEFAULT NULL,
  `t_rece_node_parent_id` varchar(200) COLLATE utf8_unicode_ci DEFAULT NULL,
  `data` varchar(200) COLLATE utf8_unicode_ci DEFAULT NULL,
  PRIMARY KEY (`t_rece_node_id`)
) ENGINE=InnoDB AUTO_INCREMENT=27 DEFAULT CHARSET=utf8 COLLATE=utf8_unicode_ci;

/*Data for the table `t_rece_node` */

insert  into `t_rece_node`(`t_rece_node_id`,`t_rece_node_name`,`t_rece_node_url`,`t_rece_node_level`,`t_rece_node_parent_id`,`data`) values (1,'首页','/','1','0',''),(2,'推荐','/','1','0',''),(3,'热点','/','1','0',''),(4,'心得笔记','/note','1','0',''),(5,'视频','/','1','0',''),(6,'图片','/','1','0',''),(7,'分类 ▼','/','1','0','dropdown'),(8,'科技','/','2','7',''),(9,'娱乐','/','2','7',''),(10,'游戏','/','2','7',''),(11,'体育','/','2','7',''),(12,'汽车','/','2','7',''),(13,'财经','/','2','7',''),(14,'搞笑','/','2','7',''),(15,'更多 ▼','/','1','0','dropdown'),(16,'军事','/','2','15',''),(17,'时尚','/','2','15',''),(18,'探索','/','2','15',''),(19,'养生','/','2','15',''),(20,'历史','/','2','15',''),(25,'山西新闻 ▼','/','1','0','dropdown'),(26,'太原新闻','/','2','25',NULL);

/*Table structure for table `t_role` */

DROP TABLE IF EXISTS `t_role`;

CREATE TABLE `t_role` (
  `t_role_id` int(11) NOT NULL AUTO_INCREMENT,
  `t_role_name` varchar(200) COLLATE utf8_unicode_ci DEFAULT NULL,
  PRIMARY KEY (`t_role_id`)
) ENGINE=InnoDB AUTO_INCREMENT=6 DEFAULT CHARSET=utf8 COLLATE=utf8_unicode_ci;

/*Data for the table `t_role` */

insert  into `t_role`(`t_role_id`,`t_role_name`) values (1,'admin'),(2,'cmsuser'),(5,'gxf');

/*Table structure for table `t_role_node` */

DROP TABLE IF EXISTS `t_role_node`;

CREATE TABLE `t_role_node` (
  `t_role_node_id` int(11) NOT NULL AUTO_INCREMENT COMMENT '角色菜单ID',
  `t_role_id` int(11) DEFAULT NULL COMMENT '角色ID',
  `t_node_id` int(11) DEFAULT NULL COMMENT '菜单ID',
  PRIMARY KEY (`t_role_node_id`)
) ENGINE=InnoDB AUTO_INCREMENT=208 DEFAULT CHARSET=utf8 COLLATE=utf8_unicode_ci;

/*Data for the table `t_role_node` */

insert  into `t_role_node`(`t_role_node_id`,`t_role_id`,`t_node_id`) values (91,2,1),(92,2,2),(93,2,3),(94,2,4),(95,2,5),(96,2,6),(97,2,7),(98,2,9),(99,2,18),(100,2,10),(101,2,11),(102,2,23),(103,2,8),(169,1,1),(170,1,2),(171,1,3),(172,1,4),(173,1,5),(174,1,6),(175,1,7),(176,1,8),(177,1,33),(178,1,34),(179,1,35),(180,1,36),(181,1,38),(182,1,10),(183,1,11),(184,1,18),(185,1,29),(186,1,30),(187,1,31),(188,1,32),(189,1,19),(190,1,9),(191,1,24),(192,1,25),(193,1,26),(194,1,27),(195,1,28),(196,5,18),(197,5,29),(198,5,30),(199,5,31),(200,5,32),(201,5,19),(202,5,9),(203,5,24),(204,5,25),(205,5,26),(206,5,27),(207,5,28);

/*Table structure for table `t_user` */

DROP TABLE IF EXISTS `t_user`;

CREATE TABLE `t_user` (
  `t_user_id` int(11) NOT NULL AUTO_INCREMENT COMMENT '流水ID',
  `t_user_account` varchar(100) COLLATE utf8_unicode_ci DEFAULT NULL,
  `t_user_password` varchar(100) COLLATE utf8_unicode_ci DEFAULT NULL,
  `t_user_url` varchar(200) COLLATE utf8_unicode_ci DEFAULT NULL COMMENT '头像路径',
  `t_user_email` varchar(200) COLLATE utf8_unicode_ci DEFAULT NULL,
  `t_user_state` int(11) DEFAULT '0' COMMENT '激活状态',
  `activate_code` varchar(200) COLLATE utf8_unicode_ci DEFAULT NULL COMMENT '激活编码（邮箱用）',
  PRIMARY KEY (`t_user_id`)
) ENGINE=InnoDB AUTO_INCREMENT=29 DEFAULT CHARSET=utf8 COLLATE=utf8_unicode_ci;

/*Data for the table `t_user` */

insert  into `t_user`(`t_user_id`,`t_user_account`,`t_user_password`,`t_user_url`,`t_user_email`,`t_user_state`,`activate_code`) values (1,'a','a','1540977872793_113e24404a3ea09a3fd1724afcd6fef1.jpg',NULL,1,NULL),(2,'ss','ss','1540814184746_1.jpg',NULL,1,NULL),(9,'101','101','',NULL,1,NULL),(15,'adsad','a','',NULL,1,NULL),(16,'t','1','1541035664845_9ea51b32dc553c1de35a5f095b693485.jpg',NULL,1,NULL),(17,'aa','a','1541035575745_4a59548169c35d0da20efb42df403b4f.jpg',NULL,1,NULL),(18,'aa','a','1541035575745_4a59548169c35d0da20efb42df403b4f.jpg',NULL,1,NULL),(19,'lm','lm','1540550572836_code-wallpaper-8.jpg',NULL,NULL,NULL),(25,NULL,NULL,NULL,NULL,0,NULL),(28,'a11653423','Lmdddddddd',NULL,'1165343269@qq.com',0,'1542333238313ab04246230f045449fe883fcbfe82995');

/*Table structure for table `t_user_role` */

DROP TABLE IF EXISTS `t_user_role`;

CREATE TABLE `t_user_role` (
  `t_user_role_id` int(11) NOT NULL AUTO_INCREMENT COMMENT '流水ID',
  `t_user_id` int(11) DEFAULT NULL COMMENT '用户ID',
  `t_role_id` int(11) DEFAULT NULL COMMENT '角色ID',
  PRIMARY KEY (`t_user_role_id`)
) ENGINE=InnoDB AUTO_INCREMENT=6 DEFAULT CHARSET=utf8 COLLATE=utf8_unicode_ci;

/*Data for the table `t_user_role` */

insert  into `t_user_role`(`t_user_role_id`,`t_user_id`,`t_role_id`) values (1,1,1),(2,2,5),(3,9,2),(4,15,1),(5,19,1);

/*!40101 SET SQL_MODE=@OLD_SQL_MODE */;
/*!40014 SET UNIQUE_CHECKS=@OLD_UNIQUE_CHECKS */;
/*!40111 SET SQL_NOTES=@OLD_SQL_NOTES */;
